date,NVDA,SPY
2010-01-04,0.4622,113.33
2010-01-05,0.469,113.63
2010-01-06,0.472,113.71
2010-01-07,0.4628,114.19
2010-01-08,0.4638,114.57
2010-01-11,0.4572,114.73
2010-01-12,0.4418,113.66
2010-01-13,0.4478,114.62
2010-01-14,0.4408,114.93
2010-01-15,0.4278,113.64
2010-01-19,0.4358,115.06
2010-01-20,0.4338,113.89
2010-01-21,0.4262,111.7
2010-01-22,0.4115,109.21
2010-01-25,0.4185,109.77
2010-01-26,0.4052,109.31
2010-01-27,0.4162,109.83
2010-01-28,0.4022,108.57
2010-01-29,0.3848,107.39
2010-02-01,0.4142,109.06
2010-02-02,0.4185,110.38
2010-02-03,0.422,109.83
2010-02-04,0.3975,106.44
2010-02-05,0.4055,106.66
2010-02-08,0.4048,105.89
2010-02-09,0.4015,107.22
2010-02-10,0.4092,107.01
2010-02-11,0.428,108.13
2010-02-12,0.4338,108.04
2010-02-16,0.4418,109.74
2010-02-17,0.446,110.26
2010-02-18,0.4168,110.91
2010-02-19,0.4145,111.14
2010-02-22,0.4152,111.16
2010-02-23,0.4052,109.81
2010-02-24,0.4138,110.82
2010-02-25,0.41,110.67
2010-02-26,0.405,110.74
2010-03-01,0.4212,111.89
2010-03-02,0.421,112.2
2010-03-03,0.4158,112.3
2010-03-04,0.4165,112.64
2010-03-05,0.4292,114.25
2010-03-08,0.423,114.27
2010-03-09,0.4388,114.46
2010-03-10,0.4398,114.97
2010-03-11,0.4298,115.45
2010-03-12,0.4312,115.46
2010-03-15,0.429,115.49
2010-03-16,0.4438,116.41
2010-03-17,0.4525,117.1
2010-03-18,0.4365,117.04
2010-03-19,0.4312,115.97
2010-03-22,0.4382,116.59
2010-03-23,0.4472,117.41
2010-03-24,0.4322,116.84
2010-03-25,0.4335,116.65
2010-03-26,0.4335,116.58
2010-03-29,0.439,117.32
2010-03-30,0.4408,117.4
2010-03-31,0.435,117.0
2010-04-01,0.4305,117.8
2010-04-05,0.437,118.76
2010-04-06,0.4262,119.04
2010-04-07,0.429,118.36
2010-04-08,0.422,118.77
2010-04-09,0.4248,119.55
2010-04-12,0.4325,119.74
2010-04-13,0.4415,119.83
2010-04-14,0.447,121.19
2010-04-15,0.4502,121.29
2010-04-16,0.4265,119.36
2010-04-19,0.4245,119.81
2010-04-20,0.426,120.88
2010-04-21,0.415,120.66
2010-04-22,0.4168,121.02
2010-04-23,0.411,121.81
2010-04-26,0.415,121.35
2010-04-27,0.4032,118.48
2010-04-28,0.404,119.38
2010-04-29,0.4162,120.86
2010-04-30,0.3928,118.81
2010-05-03,0.3885,120.35
2010-05-04,0.3688,117.52
2010-05-05,0.3625,116.82
2010-05-06,0.355,112.94
2010-05-07,0.349,111.26
2010-05-10,0.364,116.16
2010-05-11,0.36,115.83
2010-05-12,0.367,117.45
2010-05-13,0.3662,115.99
2010-05-14,0.324,113.89
2010-05-17,0.3248,113.95
2010-05-18,0.314,112.4
2010-05-19,0.319,111.76
2010-05-20,0.3115,107.54
2010-05-21,0.3182,109.12
2010-05-24,0.309,107.71
2010-05-25,0.3172,107.82
2010-05-26,0.3188,107.17
2010-05-27,0.3375,110.76
2010-05-28,0.3285,109.37
2010-06-01,0.3145,107.53
2010-06-02,0.318,110.33
2010-06-03,0.3175,110.71
2010-06-04,0.3025,106.82
2010-06-07,0.2875,105.49
2010-06-08,0.2795,106.62
2010-06-09,0.2728,106.05
2010-06-10,0.2838,109.15
2010-06-11,0.2902,109.68
2010-06-14,0.284,109.51
2010-06-15,0.298,112.0
2010-06-16,0.2942,111.96
2010-06-17,0.3055,112.14
2010-06-18,0.3075,111.73
2010-06-21,0.3002,111.41
2010-06-22,0.289,109.57
2010-06-23,0.2922,109.23
2010-06-24,0.2778,107.42
2010-06-25,0.277,107.87
2010-06-28,0.2775,107.53
2010-06-29,0.262,104.21
2010-06-30,0.2552,103.22
2010-07-01,0.2595,102.76
2010-07-02,0.2562,102.2
2010-07-06,0.2535,102.87
2010-07-07,0.2658,106.11
2010-07-08,0.2578,107.16
2010-07-09,0.2588,107.96
2010-07-12,0.2635,108.03
2010-07-13,0.273,109.66
2010-07-14,0.2758,109.65
2010-07-15,0.268,109.68
2010-07-16,0.2512,106.66
2010-07-19,0.2615,107.29
2010-07-20,0.268,108.48
2010-07-21,0.2592,107.07
2010-07-22,0.2635,109.46
2010-07-23,0.259,110.41
2010-07-26,0.2638,111.56
2010-07-27,0.2615,111.55
2010-07-28,0.2532,110.83
2010-07-29,0.2282,110.29
2010-07-30,0.2298,110.27
2010-08-02,0.2295,112.76
2010-08-03,0.2235,112.22
2010-08-04,0.233,112.97
2010-08-05,0.236,112.85
2010-08-06,0.2388,112.39
2010-08-09,0.241,112.99
2010-08-10,0.231,112.38
2010-08-11,0.222,109.3
2010-08-12,0.224,108.63
2010-08-13,0.2348,108.31
2010-08-16,0.2288,108.26
2010-08-17,0.2318,109.59
2010-08-18,0.233,109.79
2010-08-19,0.247,107.88
2010-08-20,0.2492,107.53
2010-08-23,0.2455,107.12
2010-08-24,0.243,105.53
2010-08-25,0.248,105.94
2010-08-26,0.245,105.23
2010-08-27,0.253,106.86
2010-08-30,0.241,105.31
2010-08-31,0.233,105.31
2010-09-01,0.235,108.46
2010-09-02,0.2392,109.47
2010-09-03,0.2475,110.89
2010-09-07,0.2498,109.64
2010-09-08,0.258,110.41
2010-09-09,0.2545,110.92
2010-09-10,0.2518,111.482
2010-09-13,0.266,112.72
2010-09-14,0.2635,112.65
2010-09-15,0.264,113.08
2010-09-16,0.2641,113.05
2010-09-17,0.2638,112.49
2010-09-20,0.2677,114.21
2010-09-21,0.2822,113.98
2010-09-22,0.2848,113.42
2010-09-23,0.2905,112.498
2010-09-24,0.3065,114.82
2010-09-27,0.2999,114.27
2010-09-28,0.2993,114.67
2010-09-29,0.297,114.47
2010-09-30,0.292,114.13
2010-10-01,0.2838,114.61
2010-10-04,0.281,113.75
2010-10-05,0.283,116.04
2010-10-06,0.2695,116.03
2010-10-07,0.2675,115.89
2010-10-08,0.2715,116.5375
2010-10-11,0.2702,116.65
2010-10-12,0.2754,117.01
2010-10-13,0.2835,117.92
2010-10-14,0.279,117.46
2010-10-15,0.2822,117.7
2010-10-18,0.284,118.54
2010-10-19,0.2822,116.73
2010-10-20,0.2822,117.87
2010-10-21,0.2772,118.13
2010-10-22,0.295,118.347
2010-10-25,0.2978,118.7
2010-10-26,0.2968,118.72
2010-10-27,0.301,118.38
2010-10-28,0.3012,118.4
2010-10-29,0.3005,118.49
2010-11-01,0.301,118.53
2010-11-02,0.3071,119.475
2010-11-03,0.3095,119.95
2010-11-04,0.31,122.26
2010-11-05,0.3151,122.725
2010-11-08,0.3164,122.49
2010-11-09,0.3148,121.61
2010-11-10,0.3185,122.1
2010-11-11,0.3153,121.635
2010-11-12,0.3315,120.198
2010-11-15,0.3275,120.03
2010-11-16,0.3178,118.16
2010-11-17,0.323,118.218
2010-11-18,0.333,119.9575
2010-11-19,0.3438,120.29
2010-11-22,0.344,120.19
2010-11-23,0.336,118.4475
2010-11-24,0.3442,120.2
2010-11-26,0.34,118.8
2010-11-29,0.3438,119.162
2010-11-30,0.3402,118.4925
2010-12-01,0.3552,121.01
2010-12-02,0.3595,122.56
2010-12-03,0.3698,122.89
2010-12-06,0.3628,122.76
2010-12-07,0.3745,122.83
2010-12-08,0.3778,123.28
2010-12-09,0.3716,123.76
2010-12-10,0.3737,124.48
2010-12-13,0.3642,124.56
2010-12-14,0.3648,124.67
2010-12-15,0.3568,124.098
2010-12-16,0.3572,124.82
2010-12-17,0.3592,124.3
2010-12-20,0.3578,124.6
2010-12-21,0.3718,125.39
2010-12-22,0.3758,125.78
2010-12-23,0.373,125.6
2010-12-27,0.375,125.65
2010-12-28,0.3735,125.83
2010-12-29,0.3735,125.92
2010-12-30,0.3748,125.72
2010-12-31,0.385,125.75
2011-01-03,0.3955,127.05
2011-01-04,0.3942,126.98
2011-01-05,0.4245,127.64
2011-01-06,0.4832,127.39
2011-01-07,0.4968,127.14
2011-01-10,0.5158,126.98
2011-01-11,0.5078,127.43
2011-01-12,0.5838,128.58
2011-01-13,0.5848,128.3675
2011-01-14,0.5898,129.3
2011-01-18,0.5759,129.52
2011-01-19,0.5602,128.25
2011-01-20,0.5607,128.08
2011-01-21,0.5555,128.37
2011-01-24,0.6182,129.1
2011-01-25,0.5992,129.17
2011-01-26,0.6135,129.67
2011-01-27,0.6118,129.99
2011-01-28,0.594,127.72
2011-01-31,0.598,128.68
2011-02-01,0.6118,130.74
2011-02-02,0.6395,130.485
2011-02-03,0.6274,130.78
2011-02-04,0.6418,131.15
2011-02-07,0.615,131.97
2011-02-08,0.5968,132.57
2011-02-09,0.5822,132.269
2011-02-10,0.5705,132.321
2011-02-11,0.5868,133.11
2011-02-14,0.5778,133.43
2011-02-15,0.5638,133.01
2011-02-16,0.5845,133.85
2011-02-17,0.642,134.25
2011-02-18,0.6408,134.53
2011-02-22,0.5802,131.83
2011-02-23,0.5528,131.02
2011-02-24,0.5662,130.93
2011-02-25,0.578,132.33
2011-02-28,0.5665,133.15
2011-03-01,0.5412,130.93
2011-03-02,0.5188,131.21
2011-03-03,0.5218,133.47
2011-03-04,0.5189,132.47
2011-03-07,0.5118,131.43
2011-03-08,0.4888,132.58
2011-03-09,0.4785,132.39
2011-03-10,0.448,129.9375
2011-03-11,0.4512,130.84
2011-03-14,0.455,130.05
2011-03-15,0.4415,128.56
2011-03-16,0.4382,126.175
2011-03-17,0.4465,127.85
2011-03-18,0.4405,127.76
2011-03-21,0.444,129.74
2011-03-22,0.4361,129.29
2011-03-23,0.4452,129.66
2011-03-24,0.4808,130.9
2011-03-25,0.4658,131.3
2011-03-28,0.483,130.98
2011-03-29,0.4792,131.86
2011-03-30,0.4612,132.77
2011-03-31,0.4615,132.59
2011-04-01,0.455,133.15
2011-04-04,0.4388,133.26
2011-04-05,0.4395,133.24
2011-04-06,0.4365,133.66
2011-04-07,0.4525,133.32
2011-04-08,0.4388,132.86
2011-04-11,0.433,132.46
2011-04-12,0.4342,131.47
2011-04-13,0.444,131.46
2011-04-14,0.4628,131.56
2011-04-15,0.4678,132.04
2011-04-18,0.4522,130.56
2011-04-19,0.4505,131.31
2011-04-20,0.4642,133.1
2011-04-21,0.463,133.78
2011-04-25,0.4702,133.64
2011-04-26,0.4825,134.791
2011-04-27,0.4825,135.67
2011-04-28,0.4878,136.11
2011-04-29,0.5,136.43
2011-05-02,0.4932,136.22
2011-05-03,0.4698,135.73
2011-05-04,0.4662,134.83
2011-05-05,0.4665,133.61
2011-05-06,0.483,134.2
2011-05-09,0.4938,134.72
2011-05-10,0.4945,135.87
2011-05-11,0.4968,134.44
2011-05-12,0.5125,135.08
2011-05-13,0.4565,134.04
2011-05-16,0.4425,133.19
2011-05-17,0.4408,133.17
2011-05-18,0.451,134.36
2011-05-19,0.4445,134.68
2011-05-20,0.4522,133.61
2011-05-23,0.4518,132.06
2011-05-24,0.4535,131.95
2011-05-25,0.459,132.39
2011-05-26,0.4705,133.0
2011-05-27,0.4875,133.51
2011-05-31,0.501,134.9
2011-06-01,0.4785,131.87
2011-06-02,0.4761,131.73
2011-06-03,0.4615,130.42
2011-06-06,0.4518,129.045
2011-06-07,0.4515,128.96
2011-06-08,0.4392,128.42
2011-06-09,0.4342,129.4
2011-06-10,0.428,127.6
2011-06-13,0.4249,127.7
2011-06-14,0.4285,129.32
2011-06-15,0.4192,127.02
2011-06-16,0.4048,127.3
2011-06-17,0.3951,127.05
2011-06-20,0.3905,127.7
2011-06-21,0.399,129.45
2011-06-22,0.3935,128.67
2011-06-23,0.4052,128.301
2011-06-24,0.3935,126.81
2011-06-27,0.3852,127.94
2011-06-28,0.3875,129.61
2011-06-29,0.3935,130.72
2011-06-30,0.3984,131.97
2011-07-01,0.4036,133.92
2011-07-05,0.397,133.81
2011-07-06,0.3918,133.97
2011-07-07,0.3931,135.36
2011-07-08,0.3858,134.4
2011-07-11,0.3722,131.97
2011-07-12,0.3672,131.4
2011-07-13,0.3665,131.84
2011-07-14,0.352,130.93
2011-07-15,0.3525,131.69
2011-07-18,0.3449,130.61
2011-07-19,0.3555,132.73
2011-07-20,0.351,132.65
2011-07-21,0.3675,134.49
2011-07-22,0.375,134.58
2011-07-25,0.369,133.83
2011-07-26,0.36,133.33
2011-07-27,0.3464,130.6
2011-07-28,0.3458,130.22
2011-07-29,0.3458,129.33
2011-08-01,0.3642,128.78
2011-08-02,0.3605,125.49
2011-08-03,0.3702,126.17
2011-08-04,0.335,120.26
2011-08-05,0.3238,120.08
2011-08-08,0.2982,112.26
2011-08-09,0.3232,117.48
2011-08-10,0.3085,112.29
2011-08-11,0.3352,117.33
2011-08-12,0.322,118.12
2011-08-15,0.3342,120.62
2011-08-16,0.3248,119.59
2011-08-17,0.3202,119.67
2011-08-18,0.2985,114.51
2011-08-19,0.2932,112.64
2011-08-22,0.2985,112.73
2011-08-23,0.3308,116.44
2011-08-24,0.326,118.08
2011-08-25,0.312,116.28
2011-08-26,0.3252,117.97
2011-08-29,0.334,121.36
2011-08-30,0.342,121.68
2011-08-31,0.3328,122.22
2011-09-01,0.332,120.94
2011-09-02,0.323,117.85
2011-09-06,0.3295,116.99
2011-09-07,0.3562,120.29
2011-09-08,0.3545,119.04
2011-09-09,0.347,115.92
2011-09-12,0.3552,116.67
2011-09-13,0.3632,117.74
2011-09-14,0.382,119.37
2011-09-15,0.3874,121.43
2011-09-16,0.3865,121.521
2011-09-19,0.3785,120.31
2011-09-20,0.3688,120.17
2011-09-21,0.3616,116.63
2011-09-22,0.3378,112.86
2011-09-23,0.3448,113.54
2011-09-26,0.3455,116.24
2011-09-27,0.346,117.54
2011-09-28,0.3355,115.145
2011-09-29,0.3272,116.05
2011-09-30,0.3128,113.15
2011-10-03,0.2952,109.93
2011-10-04,0.3225,112.34
2011-10-05,0.334,114.42
2011-10-06,0.3472,116.49
2011-10-07,0.3538,115.71
2011-10-10,0.3695,119.58
2011-10-11,0.3655,119.7
2011-10-12,0.3652,120.75
2011-10-13,0.3865,120.51
2011-10-14,0.393,122.57
2011-10-17,0.3735,120.23
2011-10-18,0.387,122.58
2011-10-19,0.3792,121.13
2011-10-20,0.3602,121.66
2011-10-21,0.362,123.97
2011-10-24,0.3755,125.49
2011-10-25,0.3612,123.049
2011-10-26,0.3655,124.3
2011-10-27,0.3812,127.43
2011-10-28,0.39,128.6
2011-10-31,0.37,125.5
2011-11-01,0.3515,122.002
2011-11-02,0.3454,123.99
2011-11-03,0.3662,126.25
2011-11-04,0.3705,125.481
2011-11-07,0.3685,126.26
2011-11-08,0.377,127.88
2011-11-09,0.358,123.161
2011-11-10,0.3618,124.32
2011-11-11,0.3745,126.66
2011-11-14,0.3672,125.46
2011-11-15,0.372,126.083
2011-11-16,0.3645,124.08
2011-11-17,0.3515,122.105
2011-11-18,0.3482,121.979
2011-11-21,0.3658,119.661
2011-11-22,0.377,119.19
2011-11-23,0.361,116.56
2011-11-25,0.351,116.34
2011-11-28,0.3708,119.71
2011-11-29,0.3728,120.05
2011-11-30,0.3908,124.99
2011-12-01,0.3955,124.97
2011-12-02,0.393,124.86
2011-12-05,0.387,126.22
2011-12-06,0.3815,126.26
2011-12-07,0.3792,126.73
2011-12-08,0.3672,123.95
2011-12-09,0.3725,126.05
2011-12-12,0.3632,124.21
2011-12-13,0.3532,123.05
2011-12-14,0.3395,121.74
2011-12-15,0.3365,122.185
2011-12-16,0.3378,121.59
2011-12-19,0.3289,120.29
2011-12-20,0.3475,123.93
2011-12-21,0.343,124.17
2011-12-22,0.3576,125.27
2011-12-23,0.3542,126.39
2011-12-27,0.3515,126.49
2011-12-28,0.3428,124.83
2011-12-29,0.3492,126.12
2011-12-30,0.3465,125.5
2012-01-03,0.351,127.495
2012-01-04,0.355,127.7
2012-01-05,0.3678,128.04
2012-01-06,0.3635,127.71
2012-01-09,0.3635,128.02
2012-01-10,0.362,129.13
2012-01-11,0.3548,129.2
2012-01-12,0.3525,129.51
2012-01-13,0.3432,128.84
2012-01-17,0.338,129.34
2012-01-18,0.3495,130.77
2012-01-19,0.3588,131.46
2012-01-20,0.3555,131.54
2012-01-23,0.3652,131.61
2012-01-24,0.3735,131.46
2012-01-25,0.3712,132.56
2012-01-26,0.3678,131.88
2012-01-27,0.3728,131.82
2012-01-30,0.37,131.37
2012-01-31,0.3692,131.32
2012-02-01,0.3732,132.47
2012-02-02,0.3871,132.68
2012-02-03,0.3955,134.54
2012-02-06,0.3924,134.45
2012-02-07,0.3935,134.79
2012-02-08,0.4078,135.19
2012-02-09,0.4075,135.36
2012-02-10,0.3974,134.361
2012-02-13,0.4038,135.36
2012-02-14,0.406,135.19
2012-02-15,0.4042,134.56
2012-02-16,0.4112,136.049
2012-02-17,0.3962,136.41
2012-02-21,0.3981,136.47
2012-02-22,0.3955,136.032
2012-02-23,0.3978,136.631
2012-02-24,0.3948,136.93
2012-02-27,0.3868,137.16
2012-02-28,0.3832,137.559
2012-02-29,0.3788,137.02
2012-03-01,0.3812,137.73
2012-03-02,0.3845,137.312
2012-03-05,0.3715,136.75
2012-03-06,0.368,134.75
2012-03-07,0.3702,135.69
2012-03-08,0.3714,137.04
2012-03-09,0.3705,137.57
2012-03-12,0.3646,137.58
2012-03-13,0.3698,140.062
2012-03-14,0.3591,139.91
2012-03-15,0.3645,140.72
2012-03-16,0.365,140.3
2012-03-19,0.366,140.85
2012-03-20,0.36,140.44
2012-03-21,0.3615,140.21
2012-03-22,0.361,139.2
2012-03-23,0.3636,139.65
2012-03-26,0.368,141.61
2012-03-27,0.3705,141.17
2012-03-28,0.379,140.47
2012-03-29,0.3808,140.23
2012-03-30,0.3849,140.81
2012-04-02,0.3832,141.84
2012-04-03,0.377,141.26
2012-04-04,0.3662,139.86
2012-04-05,0.3658,139.79
2012-04-09,0.361,138.22
2012-04-10,0.354,135.9
2012-04-11,0.3585,137.0
2012-04-12,0.367,138.79
2012-04-13,0.354,137.14
2012-04-16,0.3498,137.05
2012-04-17,0.3505,139.082
2012-04-18,0.3468,138.61
2012-04-19,0.3414,137.72
2012-04-20,0.3348,137.95
2012-04-23,0.3308,136.79
2012-04-24,0.3205,137.31
2012-04-25,0.327,139.19
2012-04-26,0.3272,140.16
2012-04-27,0.3245,140.39
2012-04-30,0.325,139.87
2012-05-01,0.3308,140.74
2012-05-02,0.3212,140.325
2012-05-03,0.3158,139.25
2012-05-04,0.3065,137.0
2012-05-07,0.3118,137.1
2012-05-08,0.3115,136.55
2012-05-09,0.3128,135.74
2012-05-10,0.3105,136.02
2012-05-11,0.3302,135.61
2012-05-14,0.3282,134.11
2012-05-15,0.325,133.34
2012-05-16,0.3184,132.829
2012-05-17,0.3162,130.86
2012-05-18,0.302,129.74
2012-05-21,0.3072,131.97
2012-05-22,0.3035,132.2
2012-05-23,0.311,132.27
2012-05-24,0.3028,132.53
2012-05-25,0.31,132.1
2012-05-29,0.318,133.7
2012-05-30,0.3142,131.76
2012-05-31,0.3108,131.47
2012-06-01,0.2995,128.16
2012-06-04,0.2932,128.1
2012-06-05,0.3016,129.07
2012-06-06,0.3098,131.97
2012-06-07,0.2972,132.05
2012-06-08,0.303,133.1
2012-06-11,0.3065,131.415
2012-06-12,0.3128,132.92
2012-06-13,0.3045,132.07
2012-06-14,0.3008,133.47
2012-06-15,0.3072,134.14
2012-06-18,0.31,134.4
2012-06-19,0.3309,135.7
2012-06-20,0.3362,135.48
2012-06-21,0.3209,132.44
2012-06-22,0.3249,133.46
2012-06-25,0.3148,131.32
2012-06-26,0.3182,131.98
2012-06-27,0.3285,133.173
2012-06-28,0.331,132.79
2012-06-29,0.3455,136.105
2012-07-02,0.3361,136.51
2012-07-03,0.345,137.412
2012-07-05,0.3415,136.79
2012-07-06,0.335,135.49
2012-07-09,0.3305,135.32
2012-07-10,0.3205,134.14
2012-07-11,0.3152,134.16
2012-07-12,0.31,133.51
2012-07-13,0.3139,135.75
2012-07-16,0.3149,135.43
2012-07-17,0.3092,136.36
2012-07-18,0.3265,137.37
2012-07-19,0.3296,137.73
2012-07-20,0.3201,136.47
2012-07-23,0.3245,135.09
2012-07-24,0.321,133.925
2012-07-25,0.3272,133.96
2012-07-26,0.3288,136.17
2012-07-27,0.3369,138.675
2012-07-30,0.3332,138.68
2012-07-31,0.3385,137.71
2012-08-01,0.3348,137.59
2012-08-02,0.336,136.64
2012-08-03,0.343,139.349
2012-08-06,0.3502,139.62
2012-08-07,0.3538,140.32
2012-08-08,0.3558,140.49
2012-08-09,0.3678,140.61
2012-08-10,0.3655,140.84
2012-08-13,0.3702,140.77
2012-08-14,0.3648,140.79
2012-08-15,0.362,140.95
2012-08-16,0.3695,141.99
2012-08-17,0.3662,142.18
2012-08-20,0.3662,142.19
2012-08-21,0.3652,141.76
2012-08-22,0.366,141.82
2012-08-23,0.3576,140.665
2012-08-24,0.365,141.51
2012-08-27,0.3588,141.54
2012-08-28,0.3572,141.4
2012-08-29,0.358,141.51
2012-08-30,0.3512,140.49
2012-08-31,0.3508,141.16
2012-09-04,0.3319,141.03
2012-09-05,0.333,140.91
2012-09-06,0.3432,143.77
2012-09-07,0.335,144.33
2012-09-10,0.332,143.51
2012-09-11,0.336,143.91
2012-09-12,0.3398,144.39
2012-09-13,0.3419,146.59
2012-09-14,0.346,147.24
2012-09-17,0.3365,146.74
2012-09-18,0.3388,146.62
2012-09-19,0.3428,146.7
2012-09-20,0.3402,146.71
2012-09-21,0.3416,145.87
2012-09-24,0.3415,145.645
2012-09-25,0.3352,144.1
2012-09-26,0.3295,143.295
2012-09-27,0.3319,144.64
2012-09-28,0.3335,143.97
2012-10-01,0.3279,144.345
2012-10-02,0.3292,144.5
2012-10-03,0.3259,145.09
2012-10-04,0.3405,146.125
2012-10-05,0.3325,146.14
2012-10-08,0.3292,145.642
2012-10-09,0.3222,144.2
2012-10-10,0.3168,143.28
2012-10-11,0.3185,143.36
2012-10-12,0.3158,142.89
2012-10-15,0.3198,144.08
2012-10-16,0.329,145.54
2012-10-17,0.3265,146.2
2012-10-18,0.3215,145.82
2012-10-19,0.3026,143.3896
2012-10-22,0.2992,143.41
2012-10-23,0.3082,141.42
2012-10-24,0.3042,141.02
2012-10-25,0.3045,141.43
2012-10-26,0.3012,141.35
2012-10-31,0.2994,141.35
2012-11-01,0.3138,142.83
2012-11-02,0.3122,141.56
2012-11-05,0.3255,141.8486
2012-11-06,0.3252,142.96
2012-11-07,0.3152,139.72
2012-11-08,0.317,138.04
2012-11-09,0.3048,138.16
2012-11-12,0.2979,138.265
2012-11-13,0.2958,137.79
2012-11-14,0.2885,135.9299
2012-11-15,0.2898,135.7
2012-11-16,0.2845,136.37
2012-11-19,0.2925,139.13
2012-11-20,0.2872,139.19
2012-11-21,0.2955,139.45
2012-11-23,0.2975,141.35
2012-11-26,0.3026,141.05
2012-11-27,0.3039,140.33
2012-11-28,0.3065,141.46
2012-11-29,0.301,142.12
2012-11-30,0.2992,142.155
2012-12-03,0.2938,141.45
2012-12-04,0.3024,141.25
2012-12-05,0.299,141.5
2012-12-06,0.2995,141.98
2012-12-07,0.2989,142.415
2012-12-10,0.309,142.473
2012-12-11,0.3162,143.44
2012-12-12,0.313,143.51
2012-12-13,0.3132,142.63
2012-12-14,0.3148,142.1051
2012-12-17,0.3134,143.77
2012-12-18,0.314,145.37
2012-12-19,0.3162,144.29
2012-12-20,0.316,145.12
2012-12-21,0.3088,142.79
2012-12-24,0.3062,142.35
2012-12-26,0.306,141.75
2012-12-27,0.304,141.5616
2012-12-28,0.3025,140.03
2012-12-31,0.3065,142.41
2013-01-02,0.318,146.06
2013-01-03,0.3182,145.7341
2013-01-04,0.3288,146.37
2013-01-07,0.3192,145.9695
2013-01-08,0.3123,145.5496
2013-01-09,0.3052,145.92
2013-01-10,0.3058,147.08
2013-01-11,0.3052,147.07
2013-01-14,0.305,146.97
2013-01-15,0.2995,147.07
2013-01-16,0.3022,147.05
2013-01-17,0.3062,148.0
2013-01-18,0.3042,148.33
2013-01-22,0.3028,149.13
2013-01-23,0.3032,149.37
2013-01-24,0.3048,149.41
2013-01-25,0.3102,150.25
2013-01-28,0.3152,150.07
2013-01-29,0.3085,150.66
2013-01-30,0.308,150.07
2013-01-31,0.3065,149.7
2013-02-01,0.3092,151.24
2013-02-04,0.304,149.535
2013-02-05,0.311,151.05
2013-02-06,0.3085,151.16
2013-02-07,0.3072,150.96
2013-02-08,0.3092,151.8
2013-02-11,0.3128,151.77
2013-02-12,0.3108,152.02
2013-02-13,0.3092,152.151
2013-02-14,0.3182,152.29
2013-02-15,0.3183,152.11
2013-02-19,0.3139,153.25
2013-02-20,0.3095,151.34
2013-02-21,0.3072,150.42
2013-02-22,0.313,151.89
2013-02-25,0.3075,149.0
2013-02-26,0.3092,150.02
2013-02-27,0.315,151.91
2013-02-28,0.3165,151.61
2013-03-01,0.3178,152.11
2013-03-04,0.3164,152.92
2013-03-05,0.32,154.29
2013-03-06,0.3198,154.5
2013-03-07,0.319,154.776
2013-03-08,0.3205,155.44
2013-03-11,0.3174,156.03
2013-03-12,0.3185,155.68
2013-03-13,0.3185,155.905
2013-03-14,0.3188,156.73
2013-03-15,0.316,155.83
2013-03-18,0.3138,154.97
2013-03-19,0.3118,154.61
2013-03-20,0.3155,155.69
2013-03-21,0.3105,154.359
2013-03-22,0.312,155.6
2013-03-25,0.3102,154.95
2013-03-26,0.3125,156.19
2013-03-27,0.3162,156.19
2013-03-28,0.3208,156.67
2013-04-01,0.3102,156.05
2013-04-02,0.3069,156.82
2013-04-03,0.3032,155.23
2013-04-04,0.3061,155.86
2013-04-05,0.3115,155.158
2013-04-08,0.3108,156.21
2013-04-09,0.3158,156.75
2013-04-10,0.3208,158.67
2013-04-11,0.3192,159.19
2013-04-12,0.3272,158.8
2013-04-15,0.3205,155.118
2013-04-16,0.324,157.41
2013-04-17,0.3196,155.11
2013-04-18,0.3135,154.14
2013-04-19,0.3142,155.48
2013-04-22,0.3148,156.17
2013-04-23,0.323,157.78
2013-04-24,0.334,157.88
2013-04-25,0.3368,158.52
2013-04-26,0.3352,158.24
2013-04-29,0.3392,159.3
2013-04-30,0.3442,159.68
2013-05-01,0.3412,158.28
2013-05-02,0.3452,159.75
2013-05-03,0.3468,161.368
2013-05-06,0.3458,161.78
2013-05-07,0.3412,162.5999
2013-05-08,0.3475,163.34
2013-05-09,0.3478,162.881
2013-05-10,0.3635,163.41
2013-05-13,0.356,163.54
2013-05-14,0.3612,165.23
2013-05-15,0.3674,166.115
2013-05-16,0.3658,165.34
2013-05-17,0.3718,166.94
2013-05-20,0.371,166.93
2013-05-21,0.373,167.17
2013-05-22,0.36,165.93
2013-05-23,0.3658,165.45
2013-05-24,0.3635,165.308
2013-05-28,0.3632,166.3
2013-05-29,0.361,165.22
2013-05-30,0.3658,165.83
2013-05-31,0.3618,163.445
2013-06-03,0.3612,164.35
2013-06-04,0.3618,163.56
2013-06-05,0.354,161.272
2013-06-06,0.3562,162.73
2013-06-07,0.3611,164.8
2013-06-10,0.361,164.8
2013-06-11,0.3542,163.098
2013-06-12,0.3512,161.75
2013-06-13,0.3592,164.21
2013-06-14,0.3588,163.175
2013-06-17,0.3622,164.44
2013-06-18,0.36,165.735
2013-06-19,0.371,163.45
2013-06-20,0.361,159.4
2013-06-21,0.3604,159.07
2013-06-24,0.353,157.06
2013-06-25,0.3555,158.575
2013-06-26,0.3535,160.14
2013-06-27,0.3502,161.08
2013-06-28,0.351,160.42
2013-07-01,0.3525,161.36
2013-07-02,0.3522,161.21
2013-07-03,0.3532,161.28
2013-07-05,0.356,163.02
2013-07-08,0.3541,163.945
2013-07-09,0.356,165.13
2013-07-10,0.3608,165.192
2013-07-11,0.3658,167.44
2013-07-12,0.366,167.51
2013-07-15,0.3652,168.155
2013-07-16,0.3672,167.525
2013-07-17,0.3652,167.9501
2013-07-18,0.3638,168.87
2013-07-19,0.356,169.17
2013-07-22,0.3558,169.5
2013-07-23,0.3552,169.14
2013-07-24,0.3552,168.52
2013-07-25,0.3565,168.93
2013-07-26,0.355,169.11
2013-07-29,0.3542,168.59
2013-07-30,0.3602,168.588
2013-07-31,0.3609,168.71
2013-08-01,0.366,170.66
2013-08-02,0.369,170.95
2013-08-05,0.3708,170.7
2013-08-06,0.3652,169.73
2013-08-07,0.365,169.18
2013-08-08,0.3675,169.8
2013-08-09,0.3622,169.31
2013-08-12,0.3592,169.111
2013-08-13,0.3605,169.61
2013-08-14,0.3758,168.74
2013-08-15,0.3781,166.38
2013-08-16,0.3797,165.83
2013-08-19,0.3738,164.77
2013-08-20,0.3738,165.58
2013-08-21,0.372,164.56
2013-08-22,0.374,166.06
2013-08-23,0.374,166.62
2013-08-26,0.3749,166.0
2013-08-27,0.3701,163.33
2013-08-28,0.37,163.91
2013-08-29,0.3692,164.17
2013-08-30,0.3688,163.65
2013-09-03,0.369,164.39
2013-09-04,0.3725,165.75
2013-09-05,0.3735,165.96
2013-09-06,0.372,166.04
2013-09-09,0.3781,167.634
2013-09-10,0.3862,168.87
2013-09-11,0.3928,169.4
2013-09-12,0.3925,168.95
2013-09-13,0.395,169.33
2013-09-16,0.3952,170.31
2013-09-17,0.3965,171.07
2013-09-18,0.4,173.051
2013-09-19,0.3981,172.76
2013-09-20,0.3949,170.72
2013-09-23,0.391,169.93
2013-09-24,0.3925,169.53
2013-09-25,0.3931,169.04
2013-09-26,0.3918,169.69
2013-09-27,0.3895,168.909
2013-09-30,0.389,168.01
2013-10-01,0.3888,169.34
2013-10-02,0.3885,169.18
2013-10-03,0.3845,167.62
2013-10-04,0.3898,168.89
2013-10-07,0.3898,167.43
2013-10-08,0.3865,165.48
2013-10-09,0.3805,165.6
2013-10-10,0.3846,169.17
2013-10-11,0.3815,170.26
2013-10-14,0.3872,170.94
2013-10-15,0.3852,169.7
2013-10-16,0.39,172.07
2013-10-17,0.3908,173.22
2013-10-18,0.3952,174.388
2013-10-21,0.3962,174.4
2013-10-22,0.3942,175.41
2013-10-23,0.3875,174.57
2013-10-24,0.3846,175.15
2013-10-25,0.381,175.95
2013-10-28,0.3802,176.23
2013-10-29,0.3808,177.17
2013-10-30,0.3805,176.29
2013-10-31,0.3797,175.79
2013-11-01,0.3814,176.21
2013-11-04,0.3705,176.83
2013-11-05,0.37,176.27
2013-11-06,0.3725,177.17
2013-11-07,0.3636,174.93
2013-11-08,0.389,177.29
2013-11-11,0.3922,177.32
2013-11-12,0.3929,176.96
2013-11-13,0.4038,178.38
2013-11-14,0.4055,179.27
2013-11-15,0.4042,180.05
2013-11-18,0.3945,179.42
2013-11-19,0.386,179.03
2013-11-20,0.3802,178.47
2013-11-21,0.3832,179.91
2013-11-22,0.3795,180.81
2013-11-25,0.3878,180.63
2013-11-26,0.391,180.68
2013-11-27,0.3925,181.12
2013-11-29,0.39,181.0
2013-12-02,0.3938,180.53
2013-12-03,0.3935,179.75
2013-12-04,0.399,179.73
2013-12-05,0.3925,178.94
2013-12-06,0.3868,180.94
2013-12-09,0.3801,181.4
2013-12-10,0.389,180.75
2013-12-11,0.3852,178.72
2013-12-12,0.3778,178.13
2013-12-13,0.3755,178.11
2013-12-16,0.376,179.216
2013-12-17,0.3778,178.65
2013-12-18,0.383,181.7
2013-12-19,0.3845,181.49
2013-12-20,0.3921,181.56
2013-12-23,0.3945,182.53
2013-12-24,0.3955,182.93
2013-12-26,0.3918,183.855
2013-12-27,0.394,183.845
2013-12-30,0.3992,183.82
2013-12-31,0.4005,184.69
2014-01-02,0.3965,182.92
2014-01-03,0.3918,182.885
2014-01-06,0.397,182.36
2014-01-07,0.4035,183.48
2014-01-08,0.409,183.52
2014-01-09,0.3938,183.64
2014-01-10,0.3932,184.14
2014-01-13,0.384,181.685
2014-01-14,0.396,183.67
2014-01-15,0.4002,184.66
2014-01-16,0.4015,184.42
2014-01-17,0.3998,183.635
2014-01-21,0.4012,184.18
2014-01-22,0.4008,184.3
2014-01-23,0.3992,182.79
2014-01-24,0.389,178.89
2014-01-27,0.3865,178.01
2014-01-28,0.3902,179.07
2014-01-29,0.3865,177.35
2014-01-30,0.393,179.23
2014-01-31,0.3925,178.18
2014-02-03,0.3872,174.17
2014-02-04,0.3895,175.385
2014-02-05,0.386,175.17
2014-02-06,0.391,177.48
2014-02-07,0.3968,179.68
2014-02-10,0.398,180.01
2014-02-11,0.4062,181.98
2014-02-12,0.4208,182.07
2014-02-13,0.434,183.01
2014-02-14,0.4478,184.02
2014-02-18,0.4475,184.24
2014-02-19,0.4535,183.02
2014-02-20,0.4695,184.1
2014-02-21,0.466,183.89
2014-02-24,0.4728,184.91
2014-02-25,0.4685,184.84
2014-02-26,0.4678,184.85
2014-02-27,0.4625,185.82
2014-02-28,0.4595,186.29
2014-03-03,0.4572,184.98
2014-03-04,0.462,187.58
2014-03-05,0.466,187.75
2014-03-06,0.4595,188.18
2014-03-07,0.459,188.26
2014-03-10,0.4522,188.16
2014-03-11,0.4568,187.23
2014-03-12,0.458,187.28
2014-03-13,0.4435,185.18
2014-03-14,0.4455,184.66
2014-03-17,0.4455,186.33
2014-03-18,0.456,187.66
2014-03-19,0.4639,186.66
2014-03-20,0.4642,187.747
2014-03-21,0.4635,186.2
2014-03-24,0.4612,185.43
2014-03-25,0.4612,186.31
2014-03-26,0.4508,184.97
2014-03-27,0.4448,184.58
2014-03-28,0.4475,185.49
2014-03-31,0.4478,187.01
2014-04-01,0.4662,188.25
2014-04-02,0.4632,188.88
2014-04-03,0.4682,188.63
2014-04-04,0.4538,186.4
2014-04-07,0.4552,184.34
2014-04-08,0.4715,185.1
2014-04-09,0.471,187.09
2014-04-10,0.4595,183.155
2014-04-11,0.453,181.51
2014-04-14,0.458,182.9401
2014-04-15,0.4612,184.2
2014-04-16,0.4622,186.125
2014-04-17,0.464,186.39
2014-04-21,0.4678,187.04
2014-04-22,0.4718,187.89
2014-04-23,0.4772,187.45
2014-04-24,0.4815,187.83
2014-04-25,0.4682,186.29
2014-04-28,0.4662,186.875
2014-04-29,0.4672,187.75
2014-04-30,0.4618,188.31
2014-05-01,0.4642,188.325
2014-05-02,0.4608,188.06
2014-05-05,0.4658,188.42
2014-05-06,0.4562,186.78
2014-05-07,0.4569,187.88
2014-05-08,0.4625,187.675
2014-05-09,0.4512,187.96
2014-05-12,0.4645,189.785
2014-05-13,0.457,189.96
2014-05-14,0.4525,189.06
2014-05-15,0.45,187.4
2014-05-16,0.449,188.05
2014-05-19,0.4635,188.74
2014-05-20,0.456,187.55
2014-05-21,0.456,189.13
2014-05-22,0.458,189.59
2014-05-23,0.4622,190.35
2014-05-27,0.4705,191.52
2014-05-28,0.4745,191.38
2014-05-29,0.4738,192.37
2014-05-30,0.475,192.68
2014-06-02,0.4735,192.895
2014-06-03,0.4715,192.8
2014-06-04,0.472,193.19
2014-06-05,0.474,194.45
2014-06-06,0.4758,195.375
2014-06-09,0.4762,195.58
2014-06-10,0.4788,195.6
2014-06-11,0.485,194.92
2014-06-12,0.488,193.54
2014-06-13,0.4885,194.13
2014-06-16,0.487,194.29
2014-06-17,0.4902,194.83
2014-06-18,0.4898,196.255
2014-06-19,0.4784,196.48
2014-06-20,0.4732,195.94
2014-06-23,0.4678,195.88
2014-06-24,0.4605,194.7
2014-06-25,0.4652,195.58
2014-06-26,0.459,195.44
2014-06-27,0.4595,195.82
2014-06-30,0.4635,195.72
2014-07-01,0.4688,197.03
2014-07-02,0.4671,197.23
2014-07-03,0.4712,198.2
2014-07-07,0.4675,197.51
2014-07-08,0.4638,196.24
2014-07-09,0.4778,197.12
2014-07-10,0.4751,196.34
2014-07-11,0.4762,196.61
2014-07-14,0.4822,197.6
2014-07-15,0.4842,197.23
2014-07-16,0.4838,197.96
2014-07-17,0.4825,195.71
2014-07-18,0.461,197.7099
2014-07-21,0.4638,197.34
2014-07-22,0.4618,198.2
2014-07-23,0.452,198.64
2014-07-24,0.4528,198.65
2014-07-25,0.4448,197.72
2014-07-28,0.443,197.8
2014-07-29,0.4445,196.95
2014-07-30,0.452,196.98
2014-07-31,0.4375,193.09
2014-08-01,0.4422,192.5
2014-08-04,0.4412,193.89
2014-08-05,0.4415,192.01
2014-08-06,0.441,192.07
2014-08-07,0.4365,191.03
2014-08-08,0.475,193.24
2014-08-11,0.4725,193.795
2014-08-12,0.4725,193.53
2014-08-13,0.4752,194.84
2014-08-14,0.47,195.76
2014-08-15,0.476,195.72
2014-08-18,0.4825,197.36
2014-08-19,0.4842,198.39
2014-08-20,0.4812,198.92
2014-08-21,0.4768,199.5
2014-08-22,0.477,199.19
2014-08-25,0.4778,200.2
2014-08-26,0.4864,200.33
2014-08-27,0.4808,200.25
2014-08-28,0.4848,200.14
2014-08-29,0.4862,200.71
2014-09-02,0.4874,200.61
2014-09-03,0.4921,200.5
2014-09-04,0.5008,200.2101
2014-09-05,0.4992,201.11
2014-09-08,0.4948,200.59
2014-09-09,0.4885,199.32
2014-09-10,0.4902,200.07
2014-09-11,0.4852,200.3
2014-09-12,0.478,199.13
2014-09-15,0.4715,198.981
2014-09-16,0.4784,200.48
2014-09-17,0.4788,200.75
2014-09-18,0.486,201.82
2014-09-19,0.477,200.7
2014-09-22,0.4722,199.15
2014-09-23,0.4702,198.01
2014-09-24,0.473,199.56
2014-09-25,0.4628,196.34
2014-09-26,0.4636,197.9
2014-09-29,0.4629,197.54
2014-09-30,0.4612,197.02
2014-10-01,0.4568,194.35
2014-10-02,0.4548,194.38
2014-10-03,0.4558,196.52
2014-10-06,0.453,196.29
2014-10-07,0.4481,193.26
2014-10-08,0.4565,196.64
2014-10-09,0.4478,192.74
2014-10-10,0.4211,190.54
2014-10-13,0.4196,187.4099
2014-10-14,0.4294,187.7
2014-10-15,0.436,186.43
2014-10-16,0.4362,186.27
2014-10-17,0.4355,188.47
2014-10-20,0.4392,190.3
2014-10-21,0.458,194.07
2014-10-22,0.4472,192.69
2014-10-23,0.4571,194.93
2014-10-24,0.462,196.43
2014-10-27,0.4622,196.16
2014-10-28,0.4732,198.41
2014-10-29,0.4701,198.11
2014-10-30,0.4672,199.38
2014-10-31,0.4885,201.66
2014-11-03,0.4968,201.77
2014-11-04,0.5032,201.07
2014-11-05,0.5032,202.34
2014-11-06,0.5055,203.15
2014-11-07,0.4948,203.34
2014-11-10,0.5005,203.98
2014-11-11,0.4945,204.175
2014-11-12,0.4911,203.96
2014-11-13,0.4888,204.19
2014-11-14,0.4946,204.24
2014-11-17,0.4924,204.37
2014-11-18,0.5042,205.55
2014-11-19,0.5002,205.22
2014-11-20,0.5085,205.58
2014-11-21,0.5114,206.68
2014-11-24,0.5145,207.26
2014-11-25,0.5142,207.11
2014-11-26,0.5229,207.64
2014-11-28,0.5242,207.2
2014-12-01,0.5145,205.76
2014-12-02,0.5152,207.085
2014-12-03,0.5285,207.89
2014-12-04,0.5238,207.66
2014-12-05,0.5268,208.0
2014-12-08,0.52,206.61
2014-12-09,0.5182,206.47
2014-12-10,0.5068,203.1601
2014-12-11,0.5065,204.19
2014-12-12,0.4908,200.89
2014-12-15,0.4892,199.51
2014-12-16,0.4836,197.91
2014-12-17,0.5035,201.79
2014-12-18,0.5055,206.78
2014-12-19,0.5105,206.52
2014-12-22,0.5195,207.47
2014-12-23,0.5162,207.75
2014-12-24,0.5142,207.77
2014-12-26,0.5148,208.44
2014-12-29,0.514,208.72
2014-12-30,0.5092,207.6
2014-12-31,0.5012,205.54
2015-01-02,0.5032,205.43
2015-01-05,0.4948,201.72
2015-01-06,0.4798,199.82
2015-01-07,0.4784,202.31
2015-01-08,0.4965,205.9
2015-01-09,0.4985,204.25
2015-01-12,0.4922,202.65
2015-01-13,0.4914,202.08
2015-01-14,0.4935,200.86
2015-01-15,0.49,199.0199
2015-01-16,0.499,201.63
2015-01-20,0.5005,202.055
2015-01-21,0.5075,203.08
2015-01-22,0.5162,206.1
2015-01-23,0.5178,204.97
2015-01-26,0.5154,205.45
2015-01-27,0.4908,202.74
2015-01-28,0.4828,200.14
2015-01-29,0.4945,201.9902
2015-01-30,0.4801,199.45
2015-02-02,0.4905,201.92
2015-02-03,0.5028,204.84
2015-02-04,0.504,204.06
2015-02-05,0.5121,206.12
2015-02-06,0.51,205.55
2015-02-09,0.5095,204.63
2015-02-10,0.5238,206.81
2015-02-11,0.5202,206.93
2015-02-12,0.5575,208.92
2015-02-13,0.5578,209.78
2015-02-17,0.5594,210.11
2015-02-18,0.553,210.13
2015-02-19,0.5544,209.98
2015-02-20,0.5584,211.239
2015-02-23,0.554,211.209
2015-02-24,0.5578,211.81
2015-02-25,0.5535,211.63
2015-02-26,0.555,211.38
2015-02-27,0.5515,210.66
2015-03-02,0.5649,211.99
2015-03-03,0.5545,211.12
2015-03-04,0.5608,210.2301
2015-03-05,0.5715,210.46
2015-03-06,0.5638,207.5
2015-03-09,0.5652,208.36
2015-03-10,0.5749,204.98
2015-03-11,0.572,204.5
2015-03-12,0.5668,207.1
2015-03-13,0.5675,205.8272
2015-03-16,0.5742,208.58
2015-03-17,0.5812,207.96
2015-03-18,0.5718,210.46
2015-03-19,0.5804,209.5
2015-03-20,0.5868,210.41
2015-03-23,0.5678,210.0
2015-03-24,0.56,208.82
2015-03-25,0.526,205.76
2015-03-26,0.5241,205.27
2015-03-27,0.5345,205.74
2015-03-30,0.5368,208.25
2015-03-31,0.5231,206.43
2015-04-01,0.5252,205.7
2015-04-02,0.5265,206.435
2015-04-06,0.5416,207.83
2015-04-07,0.5465,207.28
2015-04-08,0.5505,207.975
2015-04-09,0.5631,208.9
2015-04-10,0.569,210.04
2015-04-13,0.5638,209.09
2015-04-14,0.559,209.49
2015-04-15,0.5658,210.43
2015-04-16,0.5622,210.37
2015-04-17,0.555,207.95
2015-04-20,0.5522,209.85
2015-04-21,0.5514,209.6
2015-04-22,0.5578,210.63
2015-04-23,0.5555,211.16
2015-04-24,0.5508,211.6499
2015-04-27,0.555,210.77
2015-04-28,0.5576,211.44
2015-04-29,0.5535,210.57
2015-04-30,0.5549,208.46
2015-05-01,0.5688,210.72
2015-05-04,0.5652,211.32
2015-05-05,0.5508,208.9
2015-05-06,0.5525,208.04
2015-05-07,0.5622,208.87
2015-05-08,0.5206,211.62
2015-05-11,0.5158,210.605
2015-05-12,0.5208,209.98
2015-05-13,0.5238,210.02
2015-05-14,0.5322,212.21
2015-05-15,0.5325,212.44
2015-05-18,0.5318,213.1
2015-05-19,0.526,213.03
2015-05-20,0.526,212.88
2015-05-21,0.5222,213.5
2015-05-22,0.5215,212.99
2015-05-26,0.5182,210.7
2015-05-27,0.546,212.7
2015-05-28,0.5535,212.46
2015-05-29,0.5532,211.14
2015-06-01,0.5595,211.57
2015-06-02,0.5484,211.36
2015-06-03,0.5425,211.92
2015-06-04,0.5522,210.1292
2015-06-05,0.5565,209.77
2015-06-08,0.5438,208.48
2015-06-09,0.5465,208.45
2015-06-10,0.5368,210.95
2015-06-11,0.5425,211.63
2015-06-12,0.5278,210.01
2015-06-15,0.5268,209.11
2015-06-16,0.5332,210.25
2015-06-17,0.5395,210.59
2015-06-18,0.5485,212.78
2015-06-19,0.5468,210.81
2015-06-22,0.5444,211.89
2015-06-23,0.5305,212.04
2015-06-24,0.5252,210.5
2015-06-25,0.5292,209.86
2015-06-26,0.5185,209.82
2015-06-29,0.503,205.42
2015-06-30,0.5028,205.85
2015-07-01,0.51,207.5
2015-07-02,0.5105,207.31
2015-07-06,0.5042,206.72
2015-07-07,0.4948,208.02
2015-07-08,0.4912,204.53
2015-07-09,0.4852,204.9
2015-07-10,0.4938,207.48
2015-07-13,0.497,209.77
2015-07-14,0.4972,210.68
2015-07-15,0.4938,210.61
2015-07-16,0.5048,212.3
2015-07-17,0.5018,212.48
2015-07-20,0.4925,212.59
2015-07-21,0.4948,211.75
2015-07-22,0.4851,211.37
2015-07-23,0.4912,210.18
2015-07-24,0.4855,208.0
2015-07-27,0.4828,206.79
2015-07-28,0.4932,209.33
2015-07-29,0.4992,210.77
2015-07-30,0.5005,210.82
2015-07-31,0.4988,210.5
2015-08-03,0.5072,209.79
2015-08-04,0.5092,209.38
2015-08-05,0.5145,210.07
2015-08-06,0.5112,208.35
2015-08-07,0.5745,207.95
2015-08-10,0.5945,210.57
2015-08-11,0.5915,208.67
2015-08-12,0.593,208.92
2015-08-13,0.588,208.66
2015-08-14,0.5885,209.42
2015-08-17,0.5848,210.59
2015-08-18,0.577,209.98
2015-08-19,0.5748,208.32
2015-08-20,0.554,203.97
2015-08-21,0.5368,197.63
2015-08-24,0.5178,189.5
2015-08-25,0.507,187.27
2015-08-26,0.5452,194.46
2015-08-27,0.5658,199.27
2015-08-28,0.5682,199.28
2015-08-31,0.562,197.67
2015-09-01,0.539,191.77
2015-09-02,0.5552,195.41
2015-09-03,0.5568,195.55
2015-09-04,0.5438,192.59
2015-09-08,0.567,197.43
2015-09-09,0.5558,194.79
2015-09-10,0.5645,195.85
2015-09-11,0.5662,196.74
2015-09-14,0.5672,196.01
2015-09-15,0.5735,198.46
2015-09-16,0.5775,200.18
2015-09-17,0.5828,199.73
2015-09-18,0.5822,195.45
2015-09-21,0.5882,196.46
2015-09-22,0.5722,193.91
2015-09-23,0.575,193.6
2015-09-24,0.586,192.9
2015-09-25,0.5902,192.85
2015-09-28,0.5825,188.01
2015-09-29,0.5928,188.12
2015-09-30,0.6162,191.63
2015-10-01,0.6042,192.13
2015-10-02,0.62,195.0
2015-10-05,0.6355,198.47
2015-10-06,0.6438,197.79
2015-10-07,0.6505,199.41
2015-10-08,0.6542,201.21
2015-10-09,0.6518,201.33
2015-10-12,0.6588,201.52
2015-10-13,0.66,200.25
2015-10-14,0.684,199.29
2015-10-15,0.6858,202.35
2015-10-16,0.6965,203.27
2015-10-19,0.6952,203.37
2015-10-20,0.6942,203.09
2015-10-21,0.6852,201.85
2015-10-22,0.71,205.26
2015-10-23,0.7148,207.51
2015-10-26,0.7115,207.0
2015-10-27,0.711,206.6
2015-10-28,0.7168,208.95
2015-10-29,0.692,208.83
2015-10-30,0.7092,207.93
2015-11-02,0.7175,210.39
2015-11-03,0.7125,211.0
2015-11-04,0.7008,210.36
2015-11-05,0.6928,210.15
2015-11-06,0.7888,210.04
2015-11-09,0.7852,208.08
2015-11-10,0.7702,208.56
2015-11-11,0.7628,207.74
2015-11-12,0.76,204.84
2015-11-13,0.745,202.54
2015-11-16,0.76,205.62
2015-11-17,0.76,205.47
2015-11-18,0.7758,208.73
2015-11-19,0.778,208.55
2015-11-20,0.7848,209.3108
2015-11-23,0.773,209.07
2015-11-24,0.7792,209.35
2015-11-25,0.7782,209.32
2015-11-27,0.7848,209.56
2015-11-30,0.793,208.69
2015-12-01,0.8188,210.68
2015-12-02,0.8125,208.529
2015-12-03,0.8108,205.61
2015-12-04,0.8438,209.62
2015-12-07,0.8278,208.35
2015-12-08,0.839,206.949
2015-12-09,0.8178,205.34
2015-12-10,0.8245,205.87
2015-12-11,0.8122,201.88
2015-12-14,0.8142,202.9008
2015-12-15,0.8242,205.0308
2015-12-16,0.8292,208.03
2015-12-17,0.8168,204.86
2015-12-18,0.8035,200.0208
2015-12-21,0.8224,201.67
2015-12-22,0.8232,203.5
2015-12-23,0.8264,206.02
2015-12-24,0.8292,205.68
2015-12-28,0.8285,205.21
2015-12-29,0.842,207.4
2015-12-30,0.8348,205.93
2015-12-31,0.824,203.87
2016-01-04,0.8092,201.0192
2016-01-05,0.8222,201.36
2016-01-06,0.7882,198.82
2016-01-07,0.757,194.05
2016-01-08,0.7408,191.923
2016-01-11,0.742,192.11
2016-01-12,0.7545,193.6608
2016-01-13,0.7315,188.83
2016-01-14,0.7168,191.93
2016-01-15,0.6778,187.81
2016-01-19,0.6832,188.06
2016-01-20,0.687,185.65
2016-01-21,0.695,186.69
2016-01-22,0.7112,190.52
2016-01-25,0.7105,187.64
2016-01-26,0.7175,190.2
2016-01-27,0.709,188.13
2016-01-28,0.7012,189.11
2016-01-29,0.7322,193.7208
2016-02-01,0.7325,193.65
2016-02-02,0.7015,190.16
2016-02-03,0.705,191.3
2016-02-04,0.7052,191.6
2016-02-05,0.6608,187.95
2016-02-08,0.6305,185.42
2016-02-09,0.6372,185.43
2016-02-10,0.6358,185.27
2016-02-11,0.6325,182.86
2016-02-12,0.6432,186.63
2016-02-16,0.6748,189.78
2016-02-17,0.6915,192.88
2016-02-18,0.751,192.09
2016-02-19,0.761,192.0
2016-02-22,0.788,194.78
2016-02-23,0.79,192.32
2016-02-24,0.7955,193.2
2016-02-25,0.7972,195.54
2016-02-26,0.792,195.0892
2016-02-29,0.784,193.56
2016-03-01,0.8188,198.11
2016-03-02,0.8235,199.0
2016-03-03,0.8162,199.775
2016-03-04,0.8138,200.43
2016-03-07,0.8085,200.59
2016-03-08,0.7938,198.4
2016-03-09,0.7932,199.38
2016-03-10,0.792,199.54
2016-03-11,0.8055,202.76
2016-03-14,0.8075,202.5
2016-03-15,0.8035,202.17
2016-03-16,0.8275,203.34
2016-03-17,0.8205,204.63
2016-03-18,0.8452,204.38
2016-03-21,0.8478,204.67
2016-03-22,0.8462,204.56
2016-03-23,0.8608,203.2092
2016-03-24,0.862,203.12
2016-03-28,0.8708,203.24
2016-03-29,0.8848,205.1208
2016-03-30,0.894,206.02
2016-03-31,0.8908,205.52
2016-04-01,0.9038,206.92
2016-04-04,0.895,206.25
2016-04-05,0.8938,204.1892
2016-04-06,0.895,206.42
2016-04-07,0.8858,203.95
2016-04-08,0.8915,204.4992
2016-04-11,0.897,204.0201
2016-04-12,0.896,205.92
2016-04-13,0.9185,208.0008
2016-04-14,0.921,208.01
2016-04-15,0.9282,207.78
2016-04-18,0.9242,209.2392
2016-04-19,0.9078,209.9
2016-04-20,0.9112,210.1
2016-04-21,0.9102,208.97
2016-04-22,0.9068,208.97
2016-04-25,0.9112,208.61
2016-04-26,0.912,208.9192
2016-04-27,0.9328,209.35
2016-04-28,0.905,207.4475
2016-04-29,0.8882,206.3308
2016-05-02,0.9,207.97
2016-05-03,0.8892,206.1592
2016-05-04,0.869,205.01
2016-05-05,0.8742,204.97
2016-05-06,0.8832,205.72
2016-05-09,0.882,205.8892
2016-05-10,0.899,208.45
2016-05-11,0.9015,206.5
2016-05-12,0.8892,206.56
2016-05-13,1.0245,204.76
2016-05-16,1.0548,206.78
2016-05-17,1.057,204.8508
2016-05-18,1.084,204.91
2016-05-19,1.0888,204.2
2016-05-20,1.1082,205.49
2016-05-23,1.11,205.21
2016-05-24,1.134,207.87
2016-05-25,1.1292,209.28
2016-05-26,1.1412,209.34
2016-05-27,1.1475,210.24
2016-05-31,1.168,209.84
2016-06-01,1.1702,210.27
2016-06-02,1.1785,210.91
2016-06-03,1.162,210.28
2016-06-06,1.156,211.35
2016-06-07,1.1582,211.68
2016-06-08,1.1545,212.37
2016-06-09,1.1845,212.08
2016-06-10,1.155,210.07
2016-06-13,1.1698,208.4492
2016-06-14,1.172,208.04
2016-06-15,1.184,207.75
2016-06-16,1.1888,208.37
2016-06-17,1.168,206.52
2016-06-20,1.189,207.85
2016-06-21,1.1818,208.44
2016-06-22,1.1808,208.1
2016-06-23,1.2122,210.81
2016-06-24,1.1432,203.13
2016-06-27,1.131,199.6
2016-06-28,1.1475,203.1997
2016-06-29,1.1662,206.66
2016-06-30,1.1752,209.475
2016-07-01,1.1665,209.9208
2016-07-05,1.1838,208.41
2016-07-06,1.1912,209.66
2016-07-07,1.2222,209.526
2016-07-08,1.2712,212.65
2016-07-11,1.3005,213.4
2016-07-12,1.32,214.95
2016-07-13,1.3195,214.92
2016-07-14,1.333,216.12
2016-07-15,1.3175,215.83
2016-07-18,1.3242,216.4092
2016-07-19,1.338,216.19
2016-07-20,1.3555,217.085
2016-07-21,1.3305,216.265
2016-07-22,1.3668,217.24
2016-07-25,1.392,216.65
2016-07-26,1.4158,216.75
2016-07-27,1.4015,216.52
2016-07-28,1.4045,216.77
2016-07-29,1.4275,217.12
2016-08-01,1.4182,216.94
2016-08-02,1.401,215.5492
2016-08-03,1.4048,216.18
2016-08-04,1.4308,216.4097
2016-08-05,1.455,218.18
2016-08-08,1.4685,218.05
2016-08-09,1.4722,218.18
2016-08-10,1.4628,217.64
2016-08-11,1.4925,218.65
2016-08-12,1.576,218.46
2016-08-15,1.5745,219.09
2016-08-16,1.565,217.96
2016-08-17,1.5288,218.37
2016-08-18,1.5525,218.86
2016-08-19,1.5565,218.54
2016-08-22,1.563,218.53
2016-08-23,1.5728,218.97
2016-08-24,1.5485,217.85
2016-08-25,1.5382,217.7
2016-08-26,1.5508,217.29
2016-08-29,1.5498,218.3608
2016-08-30,1.5408,218.0
2016-08-31,1.5335,217.38
2016-09-01,1.5788,217.39
2016-09-02,1.5632,218.37
2016-09-06,1.578,219.0308
2016-09-07,1.5548,219.01
2016-09-08,1.566,218.51
2016-09-09,1.488,213.28
2016-09-12,1.5188,216.34
2016-09-13,1.4968,213.23
2016-09-14,1.51,213.15
2016-09-15,1.5672,215.28
2016-09-16,1.571,213.37
2016-09-19,1.5918,213.41
2016-09-20,1.5772,213.42
2016-09-21,1.6215,215.82
2016-09-22,1.6255,217.18
2016-09-23,1.6238,215.99
2016-09-26,1.6085,214.24
2016-09-27,1.6635,215.57
2016-09-28,1.6695,216.64
2016-09-29,1.685,214.68
2016-09-30,1.713,216.3
2016-10-03,1.7112,215.78
2016-10-04,1.7075,214.68
2016-10-05,1.7058,215.63
2016-10-06,1.6835,215.78
2016-10-07,1.6712,215.04
2016-10-10,1.6775,216.16
2016-10-11,1.6532,213.43
2016-10-12,1.6608,213.71
2016-10-13,1.6338,213.01
2016-10-14,1.6498,213.12
2016-10-17,1.6402,212.38
2016-10-18,1.6652,213.71
2016-10-19,1.6618,214.28
2016-10-20,1.6932,213.88
2016-10-21,1.6885,213.98
2016-10-24,1.7678,214.89
2016-10-25,1.7968,214.17
2016-10-26,1.804,213.74
2016-10-27,1.767,213.17
2016-10-28,1.764,212.54
2016-10-31,1.779,212.55
2016-11-01,1.7262,211.01
2016-11-02,1.719,209.74
2016-11-03,1.699,208.78
2016-11-04,1.6892,208.55
2016-11-07,1.7818,213.15
2016-11-08,1.779,214.11
2016-11-09,1.749,216.3792
2016-11-10,1.6942,216.92
2016-11-11,2.1992,216.42
2016-11-14,2.091,216.59
2016-11-15,2.1548,218.28
2016-11-16,2.2908,217.87
2016-11-17,2.3098,218.99
2016-11-18,2.334,218.5
2016-11-21,2.3245,220.15
2016-11-22,2.3412,220.58
2016-11-23,2.3492,220.7
2016-11-25,2.354,221.52
2016-11-28,2.3528,220.48
2016-11-29,2.3312,220.91
2016-11-30,2.305,220.38
2016-12-01,2.191,219.57
2016-12-02,2.2112,219.68
2016-12-05,2.297,221.0
2016-12-06,2.3348,221.7
2016-12-07,2.3768,224.6
2016-12-08,2.337,225.15
2016-12-09,2.2955,226.51
2016-12-12,2.2398,226.25
2016-12-13,2.2792,227.76
2016-12-14,2.4112,225.88
2016-12-15,2.4678,226.81
2016-12-16,2.5102,225.04
2016-12-19,2.5408,225.53
2016-12-20,2.6292,226.4
2016-12-21,2.6458,225.77
2016-12-22,2.6778,225.38
2016-12-23,2.7445,225.71
2016-12-27,2.933,226.27
2016-12-28,2.7312,224.4
2016-12-29,2.7858,224.35
2016-12-30,2.6685,223.53
2017-01-03,2.5502,225.24
2017-01-04,2.6098,226.58
2017-01-05,2.5435,226.4
2017-01-06,2.5775,227.21
2017-01-09,2.682,226.46
2017-01-10,2.6618,226.46
2017-01-11,2.629,227.1
2017-01-12,2.586,226.53
2017-01-13,2.5858,227.05
2017-01-17,2.5278,226.25
2017-01-18,2.5738,226.75
2017-01-19,2.629,225.91
2017-01-20,2.6002,226.74
2017-01-23,2.6272,226.15
2017-01-24,2.6832,227.6
2017-01-25,2.6948,229.57
2017-01-26,2.7412,229.33
2017-01-27,2.7942,228.97
2017-01-30,2.7505,227.55
2017-01-31,2.7295,227.53
2017-02-01,2.8488,227.62
2017-02-02,2.8848,227.77
2017-02-03,2.8595,229.34
2017-02-06,2.9328,228.93
2017-02-07,2.9782,228.94
2017-02-08,2.9652,229.24
2017-02-09,2.9095,230.6
2017-02-10,2.8405,231.51
2017-02-13,2.7095,232.77
2017-02-14,2.7195,233.7
2017-02-15,2.725,234.92
2017-02-16,2.6812,234.72
2017-02-17,2.6808,235.09
2017-02-21,2.7768,236.49
2017-02-22,2.769,236.28
2017-02-23,2.5122,236.44
2017-02-24,2.5365,236.74
2017-02-27,2.6102,237.11
2017-02-28,2.537,236.47
2017-03-01,2.5698,239.78
2017-03-02,2.475,238.27
2017-03-03,2.4608,238.42
2017-03-06,2.4418,237.71
2017-03-07,2.4685,237.0
2017-03-08,2.464,236.56
2017-03-09,2.4635,236.86
2017-03-10,2.478,237.69
2017-03-13,2.5462,237.81
2017-03-14,2.5445,236.9
2017-03-15,2.5638,238.95
2017-03-16,2.5952,238.48
2017-03-17,2.6518,237.03
2017-03-20,2.7362,236.77
2017-03-21,2.6478,233.73
2017-03-22,2.7018,234.28
2017-03-23,2.6772,234.03
2017-03-24,2.6868,233.86
2017-03-27,2.7062,233.62
2017-03-28,2.6922,235.32
2017-03-29,2.6835,235.54
2017-03-30,2.735,236.29
2017-03-31,2.7232,235.74
2017-04-03,2.7095,235.33
2017-04-04,2.5195,235.48
2017-04-05,2.5008,234.78
2017-04-06,2.519,235.44
2017-04-07,2.5082,235.2
2017-04-10,2.4442,235.34
2017-04-11,2.453,235.06
2017-04-12,2.4328,234.03
2017-04-13,2.3872,232.51
2017-04-17,2.4808,234.57
2017-04-18,2.4822,233.87
2017-04-19,2.492,233.44
2017-04-20,2.5315,235.34
2017-04-21,2.542,234.59
2017-04-24,2.5738,237.17
2017-04-25,2.6185,238.55
2017-04-26,2.6005,238.4
2017-04-27,2.641,238.6
2017-04-28,2.6075,238.08
2017-05-01,2.666,238.68
2017-05-02,2.587,238.77
2017-05-03,2.6062,238.48
2017-05-04,2.5962,238.76
2017-05-05,2.5965,239.7
2017-05-08,2.5692,239.66
2017-05-09,2.5735,239.44
2017-05-10,3.0322,239.87
2017-05-11,3.1625,239.38
2017-05-12,3.1972,238.98
2017-05-15,3.3578,240.3
2017-05-16,3.4202,240.08
2017-05-17,3.193,235.82
2017-05-18,3.3268,236.77
2017-05-19,3.4,238.31
2017-05-22,3.4725,239.52
2017-05-23,3.4258,240.05
2017-05-24,3.4642,240.61
2017-05-25,3.4565,241.76
2017-05-26,3.546,241.71
2017-05-30,3.6218,241.5
2017-05-31,3.6088,241.44
2017-06-01,3.609,243.36
2017-06-02,3.591,244.17
2017-06-05,3.7002,243.99
2017-06-06,3.6835,243.21
2017-06-07,3.728,243.66
2017-06-08,3.9985,243.78
2017-06-09,3.74,243.41
2017-06-12,3.7492,243.36
2017-06-13,3.785,244.55
2017-06-14,3.793,244.24
2017-06-15,3.8092,243.77
2017-06-16,3.7905,242.64
2017-06-19,3.933,244.66
2017-06-20,3.9272,243.01
2017-06-21,3.9868,242.95
2017-06-22,3.9592,242.84
2017-06-23,3.8458,243.13
2017-06-26,3.8038,243.29
2017-06-27,3.6645,241.33
2017-06-28,3.7938,243.49
2017-06-29,3.667,241.35
2017-06-30,3.614,241.8
2017-07-03,3.4832,242.21
2017-07-05,3.5762,242.77
2017-07-06,3.587,240.55
2017-07-07,3.669,242.11
2017-07-10,3.8425,242.37
2017-07-11,3.897,242.19
2017-07-12,4.0628,244.01
2017-07-13,4.0158,244.42
2017-07-14,4.1238,245.56
2017-07-17,4.1062,245.53
2017-07-18,4.149,245.66
2017-07-19,4.1275,246.99
2017-07-20,4.1875,247.1
2017-07-21,4.2025,246.88
2017-07-24,4.1538,246.82
2017-07-25,4.1338,247.42
2017-07-26,4.1815,247.43
2017-07-27,4.0435,247.2
2017-07-28,4.1098,246.91
2017-07-31,4.0628,246.77
2017-08-01,4.1122,247.32
2017-08-02,4.1098,247.44
2017-08-03,4.162,246.96
2017-08-04,4.1802,247.41
2017-08-07,4.3088,247.87
2017-08-08,4.2575,247.26
2017-08-09,4.3028,247.25
2017-08-10,4.1185,243.76
2017-08-11,3.899,244.12
2017-08-14,4.21,246.54
2017-08-15,4.1745,246.51
2017-08-16,4.1288,246.94
2017-08-17,4.0368,243.09
2017-08-18,4.0375,242.71
2017-08-21,3.9788,242.9
2017-08-22,4.0638,245.44
2017-08-23,4.145,244.56
2017-08-24,4.1298,243.99
2017-08-25,4.0952,244.56
2017-08-28,4.1242,244.57
2017-08-29,4.1175,244.85
2017-08-30,4.142,246.01
2017-08-31,4.236,247.49
2017-09-01,4.2615,247.84
2017-09-05,4.1478,246.06
2017-09-06,4.1452,246.9
2017-09-07,4.1645,246.87
2017-09-08,4.0922,246.58
2017-09-11,4.225,249.21
2017-09-12,4.2402,250.05
2017-09-13,4.2592,250.17
2017-09-14,4.235,250.09
2017-09-15,4.5028,249.19
2017-09-18,4.6888,249.72
2017-09-19,4.6838,249.97
2017-09-20,4.646,250.06
2017-09-21,4.519,249.39
2017-09-22,4.475,249.44
2017-09-25,4.275,248.93
2017-09-26,4.299,249.08
2017-09-27,4.3932,250.05
2017-09-28,4.392,250.35
2017-09-29,4.4692,251.23
2017-10-02,4.475,252.32
2017-10-03,4.4842,252.86
2017-10-04,4.5218,253.16
2017-10-05,4.5192,254.66
2017-10-06,4.5325,254.37
2017-10-09,4.6348,253.95
2017-10-10,4.7232,254.62
2017-10-11,4.7735,255.02
2017-10-12,4.7758,254.64
2017-10-13,4.8648,254.95
2017-10-16,4.9482,255.29
2017-10-17,4.9438,255.47
2017-10-18,4.9395,255.72
2017-10-19,4.945,255.79
2017-10-20,4.9225,257.11
2017-10-23,4.9155,256.11
2017-10-24,4.967,256.56
2017-10-25,4.8415,255.29
2017-10-26,4.8922,255.62
2017-10-27,5.0465,257.71
2017-10-30,5.096,256.75
2017-10-31,5.1702,257.15
2017-11-01,5.18,257.49
2017-11-02,5.1485,257.59
2017-11-03,5.2172,258.45
2017-11-06,5.2408,258.85
2017-11-07,5.3008,258.67
2017-11-08,5.229,259.11
2017-11-09,5.133,258.17
2017-11-10,5.4035,258.09
2017-11-13,5.3158,258.33
2017-11-14,5.3545,257.73
2017-11-15,5.2495,256.44
2017-11-16,5.2902,258.62
2017-11-17,5.284,257.86
2017-11-20,5.352,258.3
2017-11-21,5.4012,259.99
2017-11-22,5.3732,259.76
2017-11-24,5.424,260.36
2017-11-27,5.3535,260.23
2017-11-28,5.2678,262.87
2017-11-29,4.9105,262.71
2017-11-30,5.0178,265.01
2017-12-01,4.942,264.46
2017-12-04,4.6665,264.14
2017-12-05,4.6935,263.19
2017-12-06,4.7315,263.24
2017-12-07,4.7998,264.07
2017-12-08,4.7872,265.51
2017-12-11,4.8665,266.31
2017-12-12,4.771,266.78
2017-12-13,4.6545,266.75
2017-12-14,4.6618,265.66
2017-12-15,4.789,266.51
2017-12-18,4.9475,268.2
2017-12-19,4.9028,267.17
2017-12-20,4.92,267.03
2017-12-21,4.8972,267.58
2017-12-22,4.8818,267.51
2017-12-26,4.936,267.19
2017-12-27,4.9292,267.32
2017-12-28,4.935,267.87
2017-12-29,4.8375,266.86
2018-01-02,4.9838,268.77
2018-01-03,5.3118,270.47
2018-01-04,5.3398,271.61
2018-01-05,5.385,273.42
2018-01-08,5.55,273.92
2018-01-09,5.5485,274.54
2018-01-10,5.592,274.12
2018-01-11,5.602,276.12
2018-01-12,5.5745,277.92
2018-01-16,5.5028,276.97
2018-01-17,5.618,279.61
2018-01-18,5.611,279.14
2018-01-19,5.7528,280.41
2018-01-22,5.8422,282.69
2018-01-23,5.9728,283.29
2018-01-24,5.895,283.18
2018-01-25,5.9088,283.3
2018-01-26,6.0832,286.58
2018-01-29,6.1712,284.68
2018-01-30,6.068,281.76
2018-01-31,6.145,281.9
2018-02-01,6.0125,281.58
2018-02-02,5.838,275.45
2018-02-05,5.3425,263.93
2018-02-06,5.6395,269.13
2018-02-07,5.72,267.67
2018-02-08,5.438,257.63
2018-02-09,5.802,261.5
2018-02-12,5.7008,265.34
2018-02-13,5.8158,266.0
2018-02-14,6.0355,269.59
2018-02-15,6.1625,273.03
2018-02-16,6.096,273.11
2018-02-20,6.227,271.4
2018-02-21,6.0378,270.05
2018-02-22,6.0538,270.4
2018-02-23,6.1482,274.71
2018-02-26,6.1645,277.9
2018-02-27,6.1515,274.43
2018-02-28,6.05,271.65
2018-03-01,5.8052,267.7
2018-03-02,5.9135,269.08
2018-03-05,5.8912,272.19
2018-03-06,6.054,272.88
2018-03-07,6.046,272.78
2018-03-08,6.0295,274.1
2018-03-09,6.1332,278.87
2018-03-12,6.244,278.52
2018-03-13,6.1928,276.72
2018-03-14,6.2185,275.3
2018-03-15,6.2335,275.0
2018-03-16,6.262,274.2
2018-03-19,6.025,270.49
2018-03-20,6.2395,270.95
2018-03-21,6.214,270.43
2018-03-22,6.0462,263.67
2018-03-23,5.8242,258.05
2018-03-26,6.112,265.11
2018-03-27,5.638,260.6
2018-03-28,5.5338,259.83
2018-03-29,5.7898,263.15
2018-04-02,5.5262,257.47
2018-04-03,5.6338,260.77
2018-04-04,5.656,263.56
2018-04-05,5.5345,265.64
2018-04-06,5.3562,259.72
2018-04-09,5.3852,261.0
2018-04-10,5.6978,265.15
2018-04-11,5.656,263.76
2018-04-12,5.865,265.93
2018-04-13,5.7875,265.15
2018-04-16,5.7872,267.33
2018-04-17,5.9385,270.19
2018-04-18,5.9092,270.39
2018-04-19,5.726,268.89
2018-04-20,5.7178,266.61
2018-04-23,5.597,266.57
2018-04-24,5.53,262.98
2018-04-25,5.4165,263.63
2018-04-26,5.6305,266.31
2018-04-27,5.6582,266.56
2018-04-30,5.6225,264.51
2018-05-01,5.6785,264.98
2018-05-02,5.6578,263.2
2018-05-03,5.8248,262.62
2018-05-04,5.9765,266.02
2018-05-07,6.217,266.92
2018-05-08,6.26,266.92
2018-05-09,6.3945,269.5
2018-05-10,6.5032,272.02
2018-05-11,6.3632,272.85
2018-05-14,6.384,272.98
2018-05-15,6.139,271.1
2018-05-16,6.1502,272.24
2018-05-17,6.1928,272.01
2018-05-18,6.1485,271.33
2018-05-21,6.106,273.37
2018-05-22,6.0675,272.61
2018-05-23,6.1885,273.36
2018-05-24,6.1922,272.8
2018-05-25,6.232,272.15
2018-05-29,6.2148,269.02
2018-05-30,6.3248,272.61
2018-05-31,6.3048,270.94
2018-06-01,6.4405,273.6
2018-06-04,6.6212,274.9
2018-06-05,6.6268,275.1
2018-06-06,6.6288,277.4
2018-06-07,6.5725,277.37
2018-06-08,6.557,278.19
2018-06-11,6.5155,278.56
2018-06-12,6.5645,278.92
2018-06-13,6.56,278.03
2018-06-14,6.6728,278.73
2018-06-15,6.6315,277.13
2018-06-18,6.6272,276.56
2018-06-19,6.5042,275.5
2018-06-20,6.5578,275.97
2018-06-21,6.4278,274.24
2018-06-22,6.2738,274.74
2018-06-25,5.978,271.0
2018-06-26,6.0498,271.6
2018-06-27,5.893,269.35
2018-06-28,6.0215,270.89
2018-06-29,5.9225,271.28
2018-07-02,6.056,271.86
2018-07-03,5.921,270.9
2018-07-05,6.0682,273.11
2018-07-06,6.1832,275.42
2018-07-09,6.2312,277.9
2018-07-10,6.3312,278.9
2018-07-11,6.1882,276.86
2018-07-12,6.2808,279.37
2018-07-13,6.233,279.59
2018-07-16,6.205,279.34
2018-07-17,6.3422,280.47
2018-07-18,6.2925,281.06
2018-07-19,6.3008,280.0
2018-07-20,6.2722,279.68
2018-07-23,6.2352,280.2
2018-07-24,6.2178,281.61
2018-07-25,6.2968,284.01
2018-07-26,6.371,283.34
2018-07-27,6.3005,281.42
2018-07-30,6.1032,279.95
2018-07-31,6.1215,281.33
2018-08-01,6.1618,280.86
2018-08-02,6.2655,282.39
2018-08-03,6.3025,283.6
2018-08-06,6.3508,284.64
2018-08-07,6.4238,285.58
2018-08-08,6.4605,285.46
2018-08-09,6.4115,285.07
2018-08-10,6.3698,283.16
2018-08-13,6.403,282.1
2018-08-14,6.5358,283.9
2018-08-15,6.477,281.78
2018-08-16,6.436,284.06
2018-08-17,6.1205,285.06
2018-08-20,6.196,285.67
2018-08-21,6.333,286.34
2018-08-22,6.5705,286.17
2018-08-23,6.671,285.79
2018-08-24,6.8055,287.51
2018-08-27,6.8975,289.78
2018-08-28,6.8595,289.92
2018-08-29,6.9622,291.48
2018-08-30,6.9452,290.3
2018-08-31,7.017,290.31
2018-09-04,7.0925,289.81
2018-09-05,6.9605,289.03
2018-09-06,6.818,288.16
2018-09-07,6.7965,287.6
2018-09-10,6.8682,288.1
2018-09-11,6.82,289.05
2018-09-12,6.705,289.12
2018-09-13,6.7835,290.83
2018-09-14,6.9108,290.88
2018-09-17,6.8482,289.34
2018-09-18,6.7755,290.91
2018-09-19,6.7995,291.22
2018-09-20,6.657,293.58
2018-09-21,6.5862,291.99
2018-09-24,6.6425,291.02
2018-09-25,6.7102,290.75
2018-09-26,6.673,289.88
2018-09-27,6.685,290.69
2018-09-28,7.0255,290.72
2018-10-01,7.234,291.73
2018-10-02,7.162,291.56
2018-10-03,7.1682,291.72
2018-10-04,6.9822,289.44
2018-10-05,6.7465,287.82
2018-10-08,6.6442,287.82
2018-10-09,6.6385,287.4
2018-10-10,6.1422,278.3
2018-10-11,5.8782,272.17
2018-10-12,6.1635,275.95
2018-10-15,5.8845,274.4
2018-10-16,6.1458,280.4
2018-10-17,6.0765,280.45
2018-10-18,5.9882,276.4
2018-10-19,5.7292,276.25
2018-10-22,5.7805,275.01
2018-10-23,5.5265,273.61
2018-10-24,4.9852,265.32
2018-10-25,5.196,270.08
2018-10-26,4.9572,265.33
2018-10-29,4.6405,263.86
2018-10-30,5.075,267.77
2018-10-31,5.2708,270.63
2018-11-01,5.4528,273.51
2018-11-02,5.373,271.89
2018-11-05,5.2942,273.39
2018-11-06,5.2765,275.12
2018-11-07,5.3448,281.01
2018-11-08,5.1498,280.5
2018-11-09,5.1418,277.76
2018-11-12,4.7385,272.57
2018-11-13,4.9828,272.06
2018-11-14,4.9298,270.2
2018-11-15,5.0598,273.02
2018-11-16,4.1108,273.73
2018-11-19,3.6175,269.1
2018-11-20,3.727,264.12
2018-11-21,3.6178,265.02
2018-11-23,3.625,263.25
2018-11-26,3.8262,267.5
2018-11-27,3.8432,268.4
2018-11-28,4.0018,274.58
2018-11-29,3.934,273.98
2018-11-30,4.0858,275.65
2018-12-03,4.251,279.3
2018-12-04,3.9278,270.25
2018-12-06,3.9572,269.84
2018-12-07,3.6902,263.57
2018-12-10,3.7965,264.07
2018-12-11,3.7048,264.13
2018-12-12,3.7225,265.46
2018-12-13,3.7222,265.37
2018-12-14,3.6612,260.47
2018-12-17,3.5895,255.36
2018-12-18,3.6735,255.08
2018-12-19,3.4628,251.26
2018-12-20,3.3775,247.17
2018-12-21,3.2392,240.7
2018-12-24,3.177,234.34
2018-12-26,3.3275,246.18
2018-12-27,3.2792,248.07
2018-12-28,3.3412,247.75
2018-12-31,3.3375,249.92
2019-01-02,3.4055,250.18
2019-01-03,3.1998,244.21
2019-01-04,3.4048,252.39
2019-01-07,3.585,254.38
2019-01-08,3.4958,256.77
2019-01-09,3.5645,257.97
2019-01-10,3.6308,258.88
2019-01-11,3.7208,258.98
2019-01-14,3.761,257.4
2019-01-15,3.7468,260.35
2019-01-16,3.721,260.98
2019-01-17,3.793,262.96
2019-01-18,3.9232,266.46
2019-01-22,3.7192,262.86
2019-01-23,3.7322,263.41
2019-01-24,3.946,263.55
2019-01-25,4.0038,265.78
2019-01-28,3.4502,263.76
2019-01-29,3.29,263.41
2019-01-30,3.4348,267.58
2019-01-31,3.5938,269.93
2019-02-01,3.6182,270.06
2019-02-04,3.7295,271.96
2019-02-05,3.7488,273.1
2019-02-06,3.825,272.74
2019-02-07,3.6855,270.14
2019-02-08,3.7042,270.47
2019-02-11,3.6612,270.62
2019-02-12,3.7792,274.1
2019-02-13,3.822,274.99
2019-02-14,3.8632,274.38
2019-02-15,3.9335,277.37
2019-02-19,3.916,277.85
2019-02-20,3.9638,278.41
2019-02-21,3.8942,277.42
2019-02-22,3.9798,279.14
2019-02-25,3.9672,279.52
2019-02-26,3.9275,279.32
2019-02-27,3.8852,279.2
2019-02-28,3.8565,278.68
2019-03-01,3.9112,280.42
2019-03-04,3.9195,279.4
2019-03-05,3.913,279.02
2019-03-06,3.8012,277.33
2019-03-07,3.7315,275.01
2019-03-08,3.766,274.46
2019-03-11,4.0285,278.44
2019-03-12,4.063,279.49
2019-03-13,4.2155,281.34
2019-03-14,4.139,281.16
2019-03-15,4.2452,281.31
2019-03-18,4.2238,282.33
2019-03-19,4.3928,282.4
2019-03-20,4.36,281.55
2019-03-21,4.5985,284.73
2019-03-22,4.4375,279.25
2019-03-25,4.3445,279.04
2019-03-26,4.4218,281.12
2019-03-27,4.4125,279.65
2019-03-28,4.4312,280.71
2019-03-29,4.489,282.48
2019-04-01,4.557,285.83
2019-04-02,4.575,285.97
2019-04-03,4.7155,286.42
2019-04-04,4.7065,287.18
2019-04-05,4.7738,288.57
2019-04-08,4.7948,288.79
2019-04-09,4.7315,287.31
2019-04-10,4.8025,288.29
2019-04-11,4.7885,288.21
2019-04-12,4.7502,290.16
2019-04-15,4.6175,289.97
2019-04-16,4.7052,290.16
2019-04-17,4.6822,289.45
2019-04-18,4.6575,290.02
2019-04-22,4.7118,290.27
2019-04-23,4.7668,292.88
2019-04-24,4.7792,292.23
2019-04-25,4.6728,292.05
2019-04-26,4.4522,293.41
2019-04-29,4.4832,293.87
2019-04-30,4.525,294.02
2019-05-01,4.5118,291.81
2019-05-02,4.5798,291.18
2019-05-03,4.5752,294.03
2019-05-06,4.4962,292.82
2019-05-07,4.3278,287.93
2019-05-08,4.348,287.53
2019-05-09,4.2548,286.66
2019-05-10,4.2205,288.1
2019-05-13,3.9612,280.86
2019-05-14,4.051,283.4
2019-05-15,3.9895,285.06
2019-05-16,4.0048,287.7
2019-05-17,3.9132,285.84
2019-05-20,3.7938,283.95
2019-05-21,3.8765,286.51
2019-05-22,3.805,285.63
2019-05-23,3.683,282.14
2019-05-24,3.6288,282.78
2019-05-28,3.5832,280.15
2019-05-29,3.5085,278.27
2019-05-30,3.4778,279.03
2019-05-31,3.3865,275.27
2019-06-03,3.3445,274.57
2019-06-04,3.575,280.53
2019-06-05,3.532,282.96
2019-06-06,3.5945,284.8
2019-06-07,3.6375,287.65
2019-06-10,3.7108,288.97
2019-06-11,3.7688,288.9
2019-06-12,3.655,288.39
2019-06-13,3.7065,289.58
2019-06-14,3.616,289.26
2019-06-17,3.6258,289.37
2019-06-18,3.822,292.4
2019-06-19,3.828,293.06
2019-06-20,3.8525,295.86
2019-06-21,3.794,294.0
2019-06-24,3.8165,293.64
2019-06-25,3.787,290.76
2019-06-26,3.9815,290.47
2019-06-27,4.0808,291.5
2019-06-28,4.1058,293.0
2019-07-01,4.1542,295.66
2019-07-02,4.0558,296.43
2019-07-03,4.0688,298.8
2019-07-05,4.0058,298.46
2019-07-08,3.9302,296.82
2019-07-09,3.9328,297.19
2019-07-10,4.0015,298.61
2019-07-11,4.157,299.31
2019-07-12,4.1902,300.65
2019-07-15,4.1818,300.75
2019-07-16,4.177,299.71
2019-07-17,4.2428,297.74
2019-07-18,4.2545,298.83
2019-07-19,4.211,297.17
2019-07-22,4.283,297.9
2019-07-23,4.3915,300.03
2019-07-24,4.4665,301.44
2019-07-25,4.3345,300.0
2019-07-26,4.3768,302.01
2019-07-29,4.3705,301.46
2019-07-30,4.3862,300.72
2019-07-31,4.218,297.43
2019-08-01,4.123,294.84
2019-08-02,4.0298,292.62
2019-08-05,3.7698,283.82
2019-08-06,3.8088,287.8
2019-08-07,3.8472,287.97
2019-08-08,3.9565,293.62
2019-08-09,3.8545,291.62
2019-08-12,3.7862,288.07
2019-08-13,3.9012,292.55
2019-08-14,3.7518,283.9
2019-08-15,3.7192,284.65
2019-08-16,3.989,288.85
2019-08-19,4.2695,292.33
2019-08-20,4.1968,290.09
2019-08-21,4.2808,292.45
2019-08-22,4.287,292.36
2019-08-23,4.061,284.85
2019-08-26,4.1362,288.0
2019-08-27,4.045,286.87
2019-08-28,4.0305,288.89
2019-08-29,4.175,292.58
2019-08-30,4.1878,292.45
2019-09-03,4.1042,290.74
2019-09-04,4.219,294.04
2019-09-05,4.4935,297.82
2019-09-06,4.4662,298.05
2019-09-09,4.5125,298.2
2019-09-10,4.5795,298.13
2019-09-11,4.6082,300.25
2019-09-12,4.6068,301.29
2019-09-13,4.5485,301.09
2019-09-16,4.5052,300.16
2019-09-17,4.5268,300.92
2019-09-18,4.4995,301.1
2019-09-19,4.4235,301.08
2019-09-20,4.3172,298.28
2019-09-23,4.371,298.21
2019-09-24,4.3132,295.87
2019-09-25,4.4558,297.62
2019-09-26,4.4335,297.0
2019-09-27,4.294,295.4
2019-09-30,4.3518,296.77
2019-10-01,4.35,293.24
2019-10-02,4.326,288.06
2019-10-03,4.5328,290.42
2019-10-04,4.5492,294.35
2019-10-07,4.6082,293.08
2019-10-08,4.4308,288.53
2019-10-09,4.5178,291.27
2019-10-10,4.5758,293.24
2019-10-11,4.6498,296.28
2019-10-14,4.6632,295.95
2019-10-15,4.9092,298.88
2019-10-16,4.8552,298.4
2019-10-17,4.8572,299.28
2019-10-18,4.7622,297.97
2019-10-21,4.9002,299.99
2019-10-22,4.8902,299.01
2019-10-23,4.8772,299.88
2019-10-24,4.9215,300.37
2019-10-25,5.1135,301.6
2019-10-28,5.1698,303.3
2019-10-29,5.073,303.21
2019-10-30,5.075,304.14
2019-10-31,5.0255,303.33
2019-11-01,5.0648,306.14
2019-11-04,5.2625,307.37
2019-11-05,5.2402,307.03
2019-11-06,5.1908,307.1
2019-11-07,5.2085,308.18
2019-11-08,5.1945,308.94
2019-11-11,5.2045,308.35
2019-11-12,5.2402,309.0
2019-11-13,5.2142,309.1
2019-11-14,5.2448,309.55
2019-11-15,5.1048,311.79
2019-11-18,5.307,312.02
2019-11-19,5.1998,311.93
2019-11-20,5.2795,310.77
2019-11-21,5.2545,310.27
2019-11-22,5.2722,310.96
2019-11-25,5.5302,313.37
2019-11-26,5.425,314.08
2019-11-27,5.456,315.48
2019-11-29,5.4185,314.31
2019-12-02,5.2312,311.64
2019-12-03,5.1915,309.55
2019-12-04,5.2355,311.46
2019-12-05,5.2185,312.02
2019-12-06,5.3042,314.87
2019-12-09,5.3042,313.88
2019-12-10,5.3495,313.53
2019-12-11,5.4335,314.42
2019-12-12,5.6018,317.13
2019-12-13,5.5998,317.32
2019-12-16,5.6288,319.5
2019-12-17,5.7072,319.57
2019-12-18,5.7378,319.59
2019-12-19,5.8865,320.9
2019-12-20,5.9842,320.73
2019-12-23,5.9705,321.22
2019-12-24,5.9655,321.23
2019-12-26,5.9798,322.94
2019-12-27,5.9218,322.86
2019-12-30,5.808,321.08
2019-12-31,5.8825,321.86
2020-01-02,5.9978,324.87
2020-01-03,5.9018,322.41
2020-01-06,5.9265,323.64
2020-01-07,5.9982,322.73
2020-01-08,6.0095,324.45
2020-01-09,6.0755,326.65
2020-01-10,6.108,325.71
2020-01-13,6.2995,327.95
2020-01-14,6.182,327.45
2020-01-15,6.1392,328.19
2020-01-16,6.2232,330.92
2020-01-17,6.232,331.95
2020-01-21,6.1985,331.3
2020-01-22,6.2512,331.34
2020-01-23,6.3215,331.72
2020-01-24,6.262,328.77
2020-01-27,6.005,323.5
2020-01-28,6.1992,326.89
2020-01-29,6.1385,326.62
2020-01-30,6.1452,327.68
2020-01-31,5.9108,321.73
2020-02-03,6.0082,324.12
2020-02-04,6.1782,329.06
2020-02-05,6.269,332.86
2020-02-06,6.3561,333.98
2020-02-07,6.2898,332.2
2020-02-10,6.5742,334.68
2020-02-11,6.6972,335.26
2020-02-12,6.8135,337.42
2020-02-13,6.7695,337.06
2020-02-14,7.2448,337.6
2020-02-18,7.4142,336.73
2020-02-19,7.8675,338.34
2020-02-20,7.7175,336.95
2020-02-21,7.3518,333.48
2020-02-24,6.832,322.42
2020-02-25,6.5512,312.65
2020-02-26,6.6912,311.5
2020-02-27,6.315,297.51
2020-02-28,6.7518,296.26
2020-03-02,6.9108,309.09
2020-03-03,6.6472,300.24
2020-03-04,7.1128,312.86
2020-03-05,6.8322,302.46
2020-03-06,6.651,297.46
2020-03-09,6.136,274.23
2020-03-10,6.527,288.42
2020-03-11,6.1618,274.36
2020-03-12,5.4078,248.11
2020-03-13,6.021,269.32
2020-03-16,4.91,239.85
2020-03-17,5.4318,252.8
2020-03-18,5.0705,240.0
2020-03-19,5.3242,240.51
2020-03-20,5.1438,228.8
2020-03-23,5.3172,222.95
2020-03-24,6.2295,243.15
2020-03-25,6.1405,246.79
2020-03-26,6.431,261.2
2020-03-27,6.3182,253.42
2020-03-30,6.6398,261.65
2020-03-31,6.59,257.75
2020-04-01,6.0768,246.15
2020-04-02,6.3868,251.83
2020-04-03,6.0978,248.19
2020-04-06,6.71,264.86
2020-04-07,6.4758,265.13
2020-04-08,6.6738,274.03
2020-04-09,6.5738,278.2
2020-04-13,6.7462,275.66
2020-04-14,7.0988,283.79
2020-04-15,7.021,277.76
2020-04-16,7.3675,279.1
2020-04-17,7.308,286.64
2020-04-20,7.1762,281.59
2020-04-21,6.7378,273.04
2020-04-22,7.1538,279.1
2020-04-23,7.1002,279.08
2020-04-24,7.2398,282.97
2020-04-27,7.427,287.05
2020-04-28,7.284,285.73
2020-04-29,7.4615,293.21
2020-04-30,7.307,290.48
2020-05-01,7.0695,282.79
2020-05-04,7.2821,283.57
2020-05-05,7.3435,286.19
2020-05-06,7.4448,284.25
2020-05-07,7.6218,287.68
2020-05-08,7.8125,292.44
2020-05-11,8.0655,292.5
2020-05-12,7.8025,286.67
2020-05-13,7.78,281.6
2020-05-14,8.0305,284.97
2020-05-15,8.4908,286.28
2020-05-18,8.7502,295.0
2020-05-19,8.8055,291.97
2020-05-20,8.97,296.93
2020-05-21,8.7752,294.88
2020-05-22,9.0262,295.44
2020-05-26,8.7178,299.08
2020-05-27,8.5252,303.53
2020-05-28,8.487,302.97
2020-05-29,8.8755,304.32
2020-06-01,8.8062,305.55
2020-06-02,8.8252,308.08
2020-06-03,8.7695,312.18
2020-06-04,8.7665,311.36
2020-06-05,8.92,319.34
2020-06-08,8.805,323.2
2020-06-09,9.046,320.79
2020-06-10,9.3668,319.0
2020-06-11,8.7962,300.61
2020-06-12,8.9325,304.21
2020-06-15,9.1738,307.05
2020-06-16,9.0685,312.96
2020-06-17,9.236,311.66
2020-06-18,9.218,311.78
2020-06-19,9.2612,308.64
2020-06-22,9.5268,310.62
2020-06-23,9.45,312.05
2020-06-24,9.2355,304.09
2020-06-25,9.49,307.35
2020-06-26,9.155,300.05
2020-06-29,9.2,304.46
2020-06-30,9.4978,308.36
2020-07-01,9.53,310.52
2020-07-02,9.6122,312.23
2020-07-06,9.8392,317.05
2020-07-07,9.8718,313.78
2020-07-08,10.216,316.18
2020-07-09,10.509,314.38
2020-07-10,10.4792,317.59
2020-07-13,10.0522,314.84
2020-07-14,10.377,318.92
2020-07-15,10.2272,321.85
2020-07-16,10.1348,320.79
2020-07-17,10.2015,321.72
2020-07-20,10.5108,324.32
2020-07-21,10.3285,325.01
2020-07-22,10.4388,326.86
2020-07-23,10.1298,322.96
2020-07-24,10.1945,320.88
2020-07-27,10.4215,323.22
2020-07-28,10.2155,321.17
2020-07-29,10.4655,325.12
2020-07-30,10.614,323.96
2020-07-31,10.6148,326.52
2020-08-03,11.0102,328.79
2020-08-04,11.2278,330.06
2020-08-05,11.2868,332.11
2020-08-06,11.3355,334.33
2020-08-07,11.1995,334.57
2020-08-10,11.165,335.57
2020-08-11,10.85,332.8
2020-08-12,11.4402,337.44
2020-08-13,11.443,336.83
2020-08-14,11.564,336.84
2020-08-17,12.337,337.91
2020-08-18,12.2608,338.64
2020-08-19,12.1385,337.23
2020-08-20,12.141,338.28
2020-08-21,12.6835,339.48
2020-08-24,12.7202,342.92
2020-08-25,12.75,344.12
2020-08-26,12.773,347.57
2020-08-27,12.6282,348.33
2020-08-28,13.1478,350.58
2020-08-31,13.3745,349.31
2020-09-01,13.821,352.6
2020-09-02,14.3465,357.7
2020-09-03,13.0155,345.39
2020-09-04,12.6225,342.57
2020-09-08,11.913,333.21
2020-09-09,12.715,339.79
2020-09-10,12.3118,333.89
2020-09-11,12.1645,334.06
2020-09-14,12.8722,338.46
2020-09-15,12.991,340.17
2020-09-16,12.5145,338.82
2020-09-17,12.4635,335.84
2020-09-18,12.1892,330.65
2020-09-21,12.5172,326.97
2020-09-22,12.6378,330.3
2020-09-23,12.1238,322.64
2020-09-24,12.348,323.5
2020-09-25,12.8738,328.73
2020-09-28,13.035,334.19
2020-09-29,13.2258,332.37
2020-09-30,13.5305,334.89
2020-10-01,13.6145,337.04
2020-10-02,13.0622,333.84
2020-10-05,13.6425,339.76
2020-10-06,13.7365,334.93
2020-10-07,13.964,340.76
2020-10-08,13.8388,343.78
2020-10-09,13.7628,346.85
2020-10-12,14.226,352.43
2020-10-13,14.2482,350.13
2020-10-14,14.0952,347.93
2020-10-15,13.97,347.5
2020-10-16,13.8115,347.29
2020-10-19,13.4978,342.01
2020-10-20,13.6455,343.38
2020-10-21,13.5248,342.73
2020-10-22,13.361,344.61
2020-10-23,13.5902,345.78
2020-10-26,13.1412,339.39
2020-10-27,13.3968,338.22
2020-10-28,12.627,326.66
2020-10-29,13.024,329.98
2020-10-30,12.534,326.54
2020-11-02,12.5808,330.2
2020-11-03,13.0195,336.03
2020-11-04,13.7942,343.54
2020-11-05,14.16,350.24
2020-11-06,14.562,350.16
2020-11-09,13.6308,354.56
2020-11-10,12.77,354.04
2020-11-11,13.418,356.67
2020-11-12,13.4568,353.21
2020-11-13,13.297,358.1
2020-11-16,13.5152,362.57
2020-11-17,13.4222,360.62
2020-11-18,13.4288,356.28
2020-11-19,13.4402,357.78
2020-11-20,13.0878,355.33
2020-11-23,13.14,357.46
2020-11-24,12.9578,363.22
2020-11-25,13.2348,362.66
2020-11-27,13.2612,363.67
2020-11-30,13.4015,362.06
2020-12-01,13.39,366.02
2020-12-02,13.5445,366.79
2020-12-03,13.396,366.69
2020-12-04,13.5582,369.85
2020-12-07,13.6068,369.09
2020-12-08,13.35,370.17
2020-12-09,12.9308,366.85
2020-12-10,12.9722,366.73
2020-12-11,13.0132,366.3
2020-12-14,13.3088,364.66
2020-12-15,13.3605,369.59
2020-12-16,13.2425,370.17
2020-12-17,13.3412,372.24
2020-12-18,13.272,369.18
2020-12-21,13.3322,367.86
2020-12-22,13.2782,367.24
2020-12-23,13.0092,367.57
2020-12-24,12.9938,369.0
2020-12-28,12.9,372.17
2020-12-29,12.9432,371.46
2020-12-30,13.1458,371.99
2020-12-31,13.055,373.88
2021-01-04,13.1135,368.79
2021-01-05,13.4048,371.33
2021-01-06,12.6145,373.55
2021-01-07,13.344,379.1
2021-01-08,13.2768,381.26
2021-01-11,13.6215,378.69
2021-01-12,13.4848,378.77
2021-01-13,13.5318,379.79
2021-01-14,13.2002,378.46
2021-01-15,12.8595,375.7
2021-01-19,13.0252,378.65
2021-01-20,13.3658,383.89
2021-01-21,13.8675,384.24
2021-01-22,13.7125,382.88
2021-01-25,13.6532,384.39
2021-01-26,13.4352,383.79
2021-01-27,12.9178,374.41
2021-01-28,13.051,377.63
2021-01-29,12.9898,370.07
2021-02-01,13.237,376.23
2021-02-02,13.5568,381.55
2021-02-03,13.5305,381.85
2021-02-04,13.6642,386.19
2021-02-05,13.591,387.71
2021-02-08,14.4388,390.51
2021-02-09,14.2632,390.25
2021-02-10,14.7642,390.08
2021-02-11,15.2508,390.71
2021-02-12,14.9612,392.64
2021-02-16,15.3302,392.3
2021-02-17,14.906,392.39
2021-02-18,14.829,390.72
2021-02-19,14.9265,390.03
2021-02-22,14.3558,387.03
2021-02-23,14.142,387.5
2021-02-24,14.499,391.77
2021-02-25,13.3075,382.33
2021-02-26,13.7145,380.36
2021-03-01,13.8418,389.58
2021-03-02,13.4062,386.54
2021-03-03,12.8048,381.42
2021-03-04,12.3702,376.7
2021-03-05,12.4615,383.63
2021-03-08,11.5932,381.72
2021-03-09,12.5202,387.17
2021-03-10,12.4682,389.58
2021-03-11,12.9935,393.53
2021-03-12,12.856,394.06
2021-03-15,13.1912,396.41
2021-03-16,13.2912,395.91
2021-03-17,13.3412,397.26
2021-03-18,12.7225,391.48
2021-03-19,12.8458,389.48
2021-03-22,13.1862,392.59
2021-03-23,13.0708,389.5
2021-03-24,12.643,387.52
2021-03-25,12.5352,389.7
2021-03-26,12.8392,395.98
2021-03-29,12.9482,395.78
2021-03-30,12.8718,394.73
2021-03-31,13.3482,396.33
2021-04-01,13.8118,400.61
2021-04-05,13.9875,406.36
2021-04-06,13.8615,406.12
2021-04-07,14.1435,406.59
2021-04-08,14.317,408.52
2021-04-09,14.4,411.49
2021-04-12,15.209,411.64
2021-04-13,15.6795,412.86
2021-04-14,15.277,411.45
2021-04-15,16.1372,415.87
2021-04-16,15.9125,417.26
2021-04-19,15.3618,415.21
2021-04-20,15.1712,412.17
2021-04-21,15.3605,416.07
2021-04-22,14.8502,412.27
2021-04-23,15.2652,416.74
2021-04-26,15.478,417.61
2021-04-27,15.3818,417.52
2021-04-28,15.2768,417.4
2021-04-29,15.3248,420.06
2021-04-30,15.0095,417.3
2021-05-03,14.8368,418.2
2021-05-04,14.3512,415.62
2021-05-05,14.4585,415.75
2021-05-06,14.523,419.07
2021-05-07,14.8122,422.12
2021-05-10,14.2658,417.94
2021-05-11,14.3062,414.21
2021-05-12,13.7585,405.41
2021-05-13,13.6652,410.28
2021-05-14,14.243,416.58
2021-05-17,14.1655,415.52
2021-05-18,14.0158,411.94
2021-05-19,14.0658,410.86
2021-05-20,14.6125,415.28
2021-05-21,14.9918,414.94
2021-05-24,15.612,419.17
2021-05-25,15.6478,418.24
2021-05-26,15.7,419.07
2021-05-27,15.488,419.29
2021-05-28,16.2445,420.04
2021-06-01,16.2645,419.67
2021-06-02,16.7782,420.33
2021-06-03,16.9698,418.77
2021-06-04,17.5782,422.6
2021-06-07,17.619,422.19
2021-06-08,17.457,422.28
2021-06-09,17.3582,421.65
2021-06-10,17.425,423.61
2021-06-11,17.8252,424.31
2021-06-14,18.0188,425.26
2021-06-15,17.7885,424.48
2021-06-16,17.8102,422.11
2021-06-17,18.6572,421.97
2021-06-18,18.6388,414.92
2021-06-21,18.4272,420.86
2021-06-22,18.8868,423.11
2021-06-23,19.0572,422.6
2021-06-24,19.2055,425.1
2021-06-25,19.031,426.61
2021-06-28,19.985,427.47
2021-06-29,20.0268,427.7
2021-06-30,20.0025,428.06
2021-07-01,20.212,430.43
2021-07-02,20.487,433.72
2021-07-06,20.6985,432.93
2021-07-07,20.3718,434.46
2021-07-08,19.9028,430.92
2021-07-09,20.0502,435.52
2021-07-12,20.5125,437.08
2021-07-13,20.25,435.59
2021-07-14,19.8415,436.24
2021-07-15,18.9662,434.75
2021-07-16,18.161,431.34
2021-07-19,18.7798,424.97
2021-07-20,18.612,431.06
2021-07-21,19.41,434.55
2021-07-22,19.594,435.46
2021-07-23,19.558,439.94
2021-07-26,19.294,441.02
2021-07-27,19.208,439.01
2021-07-28,19.503,438.83
2021-07-29,19.662,440.65
2021-07-30,19.499,438.51
2021-08-02,19.75,437.59
2021-08-03,19.815,441.15
2021-08-04,20.274,438.98
2021-08-05,20.637,441.76
2021-08-06,20.366,442.49
2021-08-09,20.295,442.13
2021-08-10,19.936,442.68
2021-08-11,19.699,443.78
2021-08-12,19.905,445.11
2021-08-13,20.188,445.92
2021-08-16,19.95,446.97
2021-08-17,19.458,444.04
2021-08-18,19.04,439.18
2021-08-19,19.798,439.86
2021-08-20,20.816,443.36
2021-08-23,21.958,447.26
2021-08-24,21.793,447.97
2021-08-25,22.213,448.91
2021-08-26,22.068,446.26
2021-08-27,22.636,450.25
2021-08-30,22.688,452.23
2021-08-31,22.385,451.56
2021-09-01,22.441,451.8
2021-09-02,22.396,453.19
2021-09-03,22.843,453.08
2021-09-07,22.662,451.46
2021-09-08,22.339,450.91
2021-09-09,22.177,448.98
2021-09-10,22.478,445.44
2021-09-13,22.152,446.58
2021-09-14,22.242,444.17
2021-09-15,22.341,447.88
2021-09-16,22.242,447.17
2021-09-17,21.9,441.4
2021-09-20,21.113,434.04
2021-09-21,21.246,433.63
2021-09-22,21.941,437.86
2021-09-23,22.482,443.18
2021-09-24,22.081,443.91
2021-09-27,21.66,442.64
2021-09-28,20.699,433.72
2021-09-29,20.517,434.45
2021-09-30,20.716,429.14
2021-10-01,20.742,434.24
2021-10-04,19.732,428.64
2021-10-05,20.451,433.1
2021-10-06,20.7,434.9
2021-10-07,21.075,438.66
2021-10-08,20.831,437.86
2021-10-11,20.695,434.69
2021-10-12,20.671,433.62
2021-10-13,20.939,435.18
2021-10-14,21.746,442.5
2021-10-15,21.862,445.87
2021-10-18,22.222,447.19
2021-10-19,22.29,450.64
2021-10-20,22.103,452.41
2021-10-21,22.692,453.59
2021-10-22,22.726,453.12
2021-10-25,23.166,455.55
2021-10-26,24.717,455.96
2021-10-27,24.451,453.94
2021-10-28,24.941,458.32
2021-10-29,25.567,459.25
2021-11-01,25.827,460.04
2021-11-02,26.401,461.9
2021-11-03,26.598,464.72
2021-11-04,29.801,466.91
2021-11-05,29.752,468.53
2021-11-08,30.804,468.93
2021-11-09,30.657,467.38
2021-11-10,29.459,463.62
2021-11-11,30.39,463.77
2021-11-12,30.39,467.27
2021-11-15,30.025,467.43
2021-11-16,30.203,469.28
2021-11-17,29.261,468.14
2021-11-18,31.675,469.73
2021-11-19,32.985,468.89
2021-11-22,31.956,467.57
2021-11-23,31.746,468.19
2021-11-24,32.674,469.44
2021-11-26,31.503,458.97
2021-11-29,33.376,464.6
2021-11-30,32.676,455.56
2021-12-01,31.435,450.5
2021-12-02,32.126,457.4
2021-12-03,30.693,453.42
2021-12-06,30.037,458.79
2021-12-07,32.427,468.28
2021-12-08,31.826,469.52
2021-12-09,30.49,466.35
2021-12-10,30.198,470.74
2021-12-13,28.161,466.57
2021-12-14,28.337,463.36
2021-12-15,30.459,470.6
2021-12-16,28.387,466.45
2021-12-17,27.801,459.87
2021-12-20,27.719,454.98
2021-12-21,29.075,463.06
2021-12-22,29.4,467.69
2021-12-23,29.64,470.6
2021-12-27,30.945,477.26
2021-12-28,30.322,476.87
2021-12-29,30.001,477.48
2021-12-30,29.586,476.16
2021-12-31,29.411,474.96
2022-01-03,30.121,477.71
2022-01-04,29.29,477.55
2022-01-05,27.604,468.38
2022-01-06,28.178,467.94
2022-01-07,27.247,466.09
2022-01-10,27.4,465.51
2022-01-11,27.817,469.75
2022-01-12,27.999,471.02
2022-01-13,26.575,464.53
2022-01-14,26.942,464.72
2022-01-18,25.903,456.49
2022-01-19,25.067,451.75
2022-01-20,24.15,446.75
2022-01-21,23.374,437.98
2022-01-24,23.372,439.84
2022-01-25,22.324,434.47
2022-01-26,22.772,433.38
2022-01-27,21.944,431.24
2022-01-28,22.84,441.95
2022-01-31,24.486,449.91
2022-02-01,24.638,452.95
2022-02-02,25.242,457.35
2022-02-03,23.948,446.6
2022-02-04,24.319,448.7
2022-02-07,24.728,447.26
2022-02-08,25.108,450.94
2022-02-09,26.705,457.54
2022-02-10,25.824,449.32
2022-02-11,23.949,440.46
2022-02-14,24.267,439.02
2022-02-15,26.495,446.1
2022-02-16,26.511,446.6
2022-02-17,24.507,437.06
2022-02-18,23.642,434.23
2022-02-22,23.39,429.57
2022-02-23,22.387,421.95
2022-02-24,23.748,428.3
2022-02-25,24.157,437.75
2022-02-28,24.385,436.63
2022-03-01,23.477,429.98
2022-03-02,24.22,437.89
2022-03-03,23.714,435.71
2022-03-04,22.936,432.17
2022-03-07,21.352,419.43
2022-03-08,21.514,416.25
2022-03-09,23.014,427.41
2022-03-10,22.658,425.48
2022-03-11,22.1,420.07
2022-03-14,21.33,417.0
2022-03-15,22.973,426.17
2022-03-16,24.496,435.62
2022-03-17,24.766,441.07
2022-03-18,26.453,444.52
2022-03-21,26.734,444.39
2022-03-22,26.524,449.59
2022-03-23,25.634,443.8
2022-03-24,28.15,450.49
2022-03-25,27.692,452.69
2022-03-28,28.219,455.91
2022-03-29,28.656,461.55
2022-03-30,27.69,458.7
2022-03-31,27.286,451.64
2022-04-01,26.712,452.92
2022-04-04,27.36,456.8
2022-04-05,25.931,451.03
2022-04-06,24.407,446.52
2022-04-07,24.208,448.77
2022-04-08,23.119,447.57
2022-04-11,21.917,439.92
2022-04-12,21.504,438.29
2022-04-13,22.203,443.31
2022-04-14,21.258,437.79
2022-04-18,21.783,437.97
2022-04-19,22.198,445.04
2022-04-20,21.482,444.71
2022-04-21,20.183,438.06
2022-04-22,19.515,426.04
2022-04-25,19.902,428.51
2022-04-26,18.788,416.1
2022-04-27,18.415,417.27
2022-04-28,19.782,427.81
2022-04-29,18.547,412.0
2022-05-02,19.533,414.48
2022-05-03,19.602,416.38
2022-05-04,20.334,429.06
2022-05-05,18.844,413.81
2022-05-06,18.675,411.34
2022-05-09,16.95,398.17
2022-05-10,17.595,399.09
2022-05-11,16.63,392.75
2022-05-12,16.175,392.34
2022-05-13,17.706,401.72
2022-05-16,17.264,400.09
2022-05-17,18.177,408.32
2022-05-18,16.938,391.86
2022-05-19,17.124,389.46
2022-05-20,16.694,389.63
2022-05-23,16.898,396.92
2022-05-24,16.154,393.89
2022-05-25,16.975,397.37
2022-05-26,17.851,405.31
2022-05-27,18.811,415.26
2022-05-31,18.672,412.93
2022-06-01,18.32,409.59
2022-06-02,19.592,417.39
2022-06-03,18.72,410.54
2022-06-06,18.786,411.79
2022-06-07,18.926,415.74
2022-06-08,18.648,411.22
2022-06-09,18.048,401.44
2022-06-10,16.974,389.8
2022-06-13,15.647,375.0
2022-06-14,15.836,373.87
2022-06-15,16.527,379.2
2022-06-16,15.601,366.65
2022-06-17,15.88,365.86
2022-06-21,16.566,375.07
2022-06-22,16.36,374.39
2022-06-23,16.225,378.06
2022-06-24,17.126,390.08
2022-06-27,16.869,388.59
2022-06-28,15.982,380.65
2022-06-29,15.542,380.34
2022-06-30,15.159,377.25
2022-07-01,14.523,381.24
2022-07-05,14.964,381.96
2022-07-06,15.13,383.25
2022-07-07,15.858,388.99
2022-07-08,15.838,388.67
2022-07-11,15.152,384.23
2022-07-12,15.082,380.83
2022-07-13,15.164,378.83
2022-07-14,15.372,377.91
2022-07-15,15.762,385.13
2022-07-18,16.101,381.95
2022-07-19,16.992,392.27
2022-07-20,17.807,394.77
2022-07-21,18.05,398.79
2022-07-22,17.319,395.09
2022-07-25,17.024,395.57
2022-07-26,16.533,390.89
2022-07-27,17.79,401.04
2022-07-28,17.984,406.07
2022-07-29,18.163,411.99
2022-08-01,18.441,410.77
2022-08-02,18.526,408.06
2022-08-03,18.893,414.45
2022-08-04,19.215,414.17
2022-08-05,18.989,413.47
2022-08-08,17.793,412.99
2022-08-09,17.086,411.35
2022-08-10,18.097,419.99
2022-08-11,17.942,419.99
2022-08-12,18.709,427.1
2022-08-15,19.032,428.86
2022-08-16,18.879,429.7
2022-08-17,18.335,426.65
2022-08-18,18.773,427.89
2022-08-19,17.849,422.14
2022-08-22,17.034,413.35
2022-08-23,17.181,412.35
2022-08-24,17.222,413.67
2022-08-25,17.913,419.51
2022-08-26,16.26,405.31
2022-08-29,15.801,402.63
2022-08-30,15.468,398.21
2022-08-31,15.094,395.18
2022-09-01,13.937,396.42
2022-09-02,13.647,392.24
2022-09-06,13.465,390.76
2022-09-07,13.714,397.78
2022-09-08,13.99,400.38
2022-09-09,14.387,406.6
2022-09-12,14.505,410.97
2022-09-13,13.131,393.1
2022-09-14,13.128,394.6
2022-09-15,12.929,390.12
2022-09-16,13.198,385.56
2022-09-19,13.382,388.55
2022-09-20,13.176,384.09
2022-09-21,13.261,377.39
2022-09-22,12.561,374.22
2022-09-23,12.516,367.95
2022-09-26,12.228,364.31
2022-09-27,12.413,363.38
2022-09-28,12.736,370.53
2022-09-29,12.22,362.79
2022-09-30,12.139,357.18
2022-10-03,12.512,366.61
2022-10-04,13.167,377.97
2022-10-05,13.209,377.09
2022-10-06,13.13,373.2
2022-10-07,12.076,362.79
2022-10-10,11.67,360.02
2022-10-11,11.586,357.74
2022-10-12,11.5,356.56
2022-10-13,11.96,365.97
2022-10-14,11.227,357.63
2022-10-17,11.888,366.82
2022-10-18,11.967,371.13
2022-10-19,12.051,368.5
2022-10-20,12.194,365.41
2022-10-21,12.466,374.29
2022-10-24,12.599,378.87
2022-10-25,13.261,384.92
2022-10-26,12.896,382.02
2022-10-27,13.176,379.98
2022-10-28,13.834,389.02
2022-10-31,13.497,386.21
2022-11-01,13.543,384.52
2022-11-02,13.219,374.87
2022-11-03,13.421,371.01
2022-11-04,14.156,376.35
2022-11-07,14.301,379.95
2022-11-08,14.602,382.0
2022-11-09,13.776,374.13
2022-11-10,15.75,394.69
2022-11-11,16.327,398.51
2022-11-14,16.295,395.12
2022-11-15,16.666,398.49
2022-11-16,15.91,395.45
2022-11-17,15.677,394.24
2022-11-18,15.409,396.03
2022-11-21,15.317,394.59
2022-11-22,16.038,399.9
2022-11-23,16.519,402.42
2022-11-25,16.27,402.33
2022-11-28,15.827,395.91
2022-11-29,15.639,395.23
2022-11-30,16.923,407.68
2022-12-01,17.135,407.38
2022-12-02,16.876,406.91
2022-12-05,16.61,399.59
2022-12-06,15.987,393.83
2022-12-07,16.12,393.16
2022-12-08,17.169,396.24
2022-12-09,17.001,393.28
2022-12-12,17.535,398.95
2022-12-13,18.072,401.97
2022-12-14,17.674,399.4
2022-12-15,16.952,389.63
2022-12-16,16.571,383.27
2022-12-19,16.254,380.02
2022-12-20,16.085,380.54
2022-12-21,16.501,386.23
2022-12-22,15.339,380.72
2022-12-23,15.206,382.91
2022-12-27,14.121,381.4
2022-12-28,14.036,376.66
2022-12-29,14.603,383.44
2022-12-30,14.614,382.43
2023-01-03,14.315,380.82
2023-01-04,14.749,383.76
2023-01-05,14.265,379.38
2023-01-06,14.859,388.08
2023-01-09,15.628,387.86
2023-01-10,15.909,390.58
2023-01-11,16.001,395.52
2023-01-12,16.511,396.96
2023-01-13,16.899,398.5
2023-01-17,17.702,397.77
2023-01-18,17.377,391.49
2023-01-19,16.765,388.64
2023-01-20,17.839,395.88
2023-01-23,19.193,400.63
2023-01-24,19.261,400.2
2023-01-25,19.323,400.35
2023-01-26,19.802,404.75
2023-01-27,20.365,405.68
2023-01-30,19.162,400.59
2023-01-31,19.537,406.48
2023-02-01,20.943,410.8
2023-02-02,21.709,416.78
2023-02-03,21.1,412.35
2023-02-06,21.089,409.83
2023-02-07,22.173,415.19
2023-02-08,22.205,410.65
2023-02-09,22.337,407.09
2023-02-10,21.265,408.04
2023-02-13,21.788,412.83
2023-02-14,22.971,412.64
2023-02-15,22.764,413.98
2023-02-16,22.002,408.28
2023-02-17,21.388,407.26
2023-02-21,20.655,399.09
2023-02-22,20.754,398.54
2023-02-23,23.664,400.66
2023-02-24,23.286,396.38
2023-02-27,23.501,397.73
2023-02-28,23.216,396.26
2023-03-01,22.698,394.74
2023-03-02,23.314,397.81
2023-03-03,23.89,404.19
2023-03-06,23.554,404.47
2023-03-07,23.288,398.27
2023-03-08,24.181,398.92
2023-03-09,23.436,391.56
2023-03-10,22.965,385.91
2023-03-13,22.966,385.36
2023-03-14,24.063,391.73
2023-03-15,24.228,389.28
2023-03-16,25.541,396.11
2023-03-17,25.725,389.99
2023-03-20,25.9,393.74
2023-03-21,26.199,398.91
2023-03-22,26.468,392.11
2023-03-23,27.191,393.17
2023-03-24,26.779,395.75
2023-03-27,26.531,396.49
2023-03-28,26.41,395.6
2023-03-29,26.984,401.35
2023-03-30,27.383,403.7
2023-03-31,27.777,409.39
2023-04-03,27.965,410.95
2023-04-04,27.453,408.67
2023-04-05,26.881,407.6
2023-04-06,27.037,409.19
2023-04-10,27.579,409.61
2023-04-11,27.169,409.72
2023-04-12,26.495,408.05
2023-04-13,26.463,413.47
2023-04-14,26.758,412.46
2023-04-17,27.002,413.94
2023-04-18,27.667,414.21
2023-04-19,27.931,414.14
2023-04-20,27.104,411.88
2023-04-21,27.119,412.2
2023-04-24,27.042,412.63
2023-04-25,26.241,406.08
2023-04-26,26.956,404.36
2023-04-27,27.226,412.41
2023-04-28,27.749,415.93
2023-05-01,28.91,415.51
2023-05-02,28.21,410.84
2023-05-03,27.802,408.02
2023-05-04,27.562,405.13
2023-05-05,28.68,412.63
2023-05-08,29.151,412.74
2023-05-09,28.571,410.93
2023-05-10,28.885,412.85
2023-05-11,28.578,412.13
2023-05-12,28.34,411.59
2023-05-15,28.953,413.01
2023-05-16,29.213,410.25
2023-05-17,30.178,415.23
2023-05-18,31.678,419.23
2023-05-19,31.264,418.62
2023-05-22,31.176,418.79
2023-05-23,30.688,414.09
2023-05-24,30.538,411.09
2023-05-25,37.98,414.65
2023-05-26,38.946,420.02
2023-05-30,40.111,420.18
2023-05-31,37.834,417.85
2023-06-01,39.77,421.82
2023-06-02,39.327,427.92
2023-06-05,39.171,427.1
2023-06-06,38.654,428.03
2023-06-07,37.475,426.55
2023-06-08,38.51,429.13
2023-06-09,38.77,429.9
2023-06-12,39.482,433.8
2023-06-13,41.022,436.66
2023-06-14,42.997,437.18
2023-06-15,42.653,442.6
2023-06-16,42.692,439.46
2023-06-20,43.808,437.18
2023-06-21,43.045,434.94
2023-06-22,43.025,436.51
2023-06-23,42.209,433.21
2023-06-26,40.632,431.44
2023-06-27,41.876,436.17
2023-06-28,41.117,436.39
2023-06-29,40.822,438.11
2023-06-30,42.302,443.28
2023-07-03,42.413,443.79
2023-07-05,42.317,443.13
2023-07-06,42.103,439.66
2023-07-07,42.503,438.55
2023-07-10,42.18,439.66
2023-07-11,42.405,442.46
2023-07-12,43.902,446.02
2023-07-13,45.977,449.56
2023-07-14,45.469,449.28
2023-07-17,46.461,450.84
2023-07-18,47.494,454.19
2023-07-19,47.077,455.2
2023-07-20,45.52,452.18
2023-07-21,44.309,452.18
2023-07-24,44.612,454.2
2023-07-25,45.679,455.44
2023-07-26,45.452,455.51
2023-07-27,45.9,452.49
2023-07-28,46.75,456.92
2023-07-31,46.729,457.79
2023-08-01,46.507,456.48
2023-08-02,44.269,450.13
2023-08-03,44.515,448.84
2023-08-04,44.68,446.81
2023-08-07,45.4165,450.71
2023-08-08,44.664,448.75
2023-08-09,42.554,445.75
2023-08-10,42.388,445.91
2023-08-11,40.855,445.65
2023-08-14,43.753,448.11
2023-08-15,43.94,442.89
2023-08-16,43.486,439.64
2023-08-17,43.3435,436.29
2023-08-18,43.299,436.5
2023-08-21,46.967,439.34
2023-08-22,45.668,438.15
2023-08-23,47.116,443.03
2023-08-24,47.163,436.89
2023-08-25,46.018,439.97
2023-08-28,46.835,442.76
2023-08-29,48.784,449.16
2023-08-30,49.264,451.01
2023-08-31,49.355,450.35
2023-09-01,48.509,451.19
2023-09-05,48.548,449.24
2023-09-06,47.061,446.22
2023-09-07,46.241,444.85
2023-09-08,45.572,445.52
2023-09-11,45.178,448.45
2023-09-12,44.87,445.99
2023-09-13,45.485,446.51
2023-09-14,45.581,450.36
2023-09-15,43.9,443.37
2023-09-18,43.966,443.63
2023-09-19,43.52,442.71
2023-09-20,42.239,438.64
2023-09-21,41.017,431.39
2023-09-22,41.61,430.42
2023-09-25,42.222,432.23
2023-09-26,41.911,425.88
2023-09-27,42.468,426.05
2023-09-28,43.089,428.52
2023-09-29,43.499,427.48
2023-10-02,44.782,427.31
2023-10-03,43.517,421.59
2023-10-04,44.041,424.66
2023-10-05,44.688,424.5
2023-10-06,45.762,429.54
2023-10-09,45.273,432.29
2023-10-10,45.798,434.54
2023-10-11,46.806,436.32
2023-10-12,46.945,433.66
2023-10-13,45.461,431.5
2023-10-16,46.095,436.04
2023-10-17,43.938,436.02
2023-10-18,42.196,430.21
2023-10-19,42.101,426.43
2023-10-20,41.387,421.19
2023-10-23,42.975,420.46
2023-10-24,43.663,423.63
2023-10-25,41.779,417.55
2023-10-26,40.326,412.55
2023-10-27,40.5,410.68
2023-10-30,41.161,415.59
2023-10-31,40.78,418.2
2023-11-01,42.325,422.66
2023-11-02,43.506,430.76
2023-11-03,45.005,434.69
2023-11-06,45.751,435.69
2023-11-07,45.955,436.93
2023-11-08,46.574,437.25
2023-11-09,46.95,433.84
2023-11-10,48.335,440.61
2023-11-13,48.62,440.19
2023-11-14,49.656,448.73
2023-11-15,48.888,449.68
2023-11-16,49.48,450.23
2023-11-17,49.298,450.79
2023-11-20,50.409,454.26
2023-11-21,49.944,453.27
2023-11-22,48.716,455.02
2023-11-24,47.776,455.3
2023-11-27,48.242,454.48
2023-11-28,47.821,454.93
2023-11-29,48.14,454.61
2023-11-30,46.77,456.4
2023-12-01,46.765,459.1
2023-12-04,45.51,456.69
2023-12-05,46.566,456.6
2023-12-06,45.503,454.76
2023-12-07,46.596,458.23
2023-12-08,47.506,460.2
2023-12-11,46.627,461.99
2023-12-12,47.657,464.1
2023-12-13,48.088,470.5
2023-12-14,48.35,472.01
2023-12-15,48.89,469.33
2023-12-18,50.077,471.97
2023-12-19,49.604,474.84
2023-12-20,48.111,468.26
2023-12-21,48.99,472.7
2023-12-22,48.83,473.65
2023-12-26,49.279,475.65
2023-12-27,49.417,476.51
2023-12-28,49.522,476.69
2023-12-29,49.522,475.31
2024-01-02,48.168,472.65
2024-01-03,47.569,468.79
2024-01-04,47.998,467.28
2024-01-05,49.097,467.92
2024-01-08,52.253,474.6
2024-01-09,53.14,473.88
2024-01-10,54.35,476.56
2024-01-11,54.822,476.35
2024-01-12,54.71,476.68
2024-01-16,56.382,474.93
2024-01-17,56.053,472.29
2024-01-18,57.107,476.49
2024-01-19,59.491,482.43
2024-01-22,59.654,483.45
2024-01-23,59.873,484.86
2024-01-24,61.362,485.39
2024-01-25,61.617,488.03
2024-01-26,61.031,487.41
2024-01-29,62.465,491.27
2024-01-30,62.774,490.89
2024-01-31,61.527,482.88
2024-02-01,63.027,489.2
2024-02-02,66.16,494.35
2024-02-05,69.332,492.55
2024-02-06,68.223,493.98
2024-02-07,70.099,498.1
2024-02-08,69.641,498.32
2024-02-09,72.133,501.2
2024-02-12,72.248,500.98
2024-02-13,72.128,494.08
2024-02-14,73.9,498.57
2024-02-15,72.658,502.01
2024-02-16,72.613,499.51
2024-02-20,69.452,496.76
2024-02-21,67.472,497.21
2024-02-22,78.538,507.5
2024-02-23,78.817,507.85
2024-02-26,79.092,505.99
2024-02-27,78.701,506.93
2024-02-28,77.663,506.26
2024-02-29,79.112,508.08
2024-03-01,82.279,512.85
2024-03-04,85.237,512.3
2024-03-05,85.964,507.18
2024-03-06,88.7,509.75
2024-03-07,92.669,514.81
2024-03-08,87.528,511.72
2024-03-11,85.774,511.28
2024-03-12,91.913,516.78
2024-03-13,90.888,515.97
2024-03-14,87.944,514.95
2024-03-15,87.8365,509.83
2024-03-18,88.455,512.86
2024-03-19,89.398,515.71
2024-03-20,90.372,520.48
2024-03-21,91.435,522.2
2024-03-22,94.289,521.21
2024-03-25,95.002,519.77
2024-03-26,92.561,518.81
2024-03-27,90.25,523.17
2024-03-28,90.356,523.07
2024-04-01,90.363,522.16
2024-04-02,89.452,518.84
2024-04-03,88.964,519.41
2024-04-04,85.905,513.07
2024-04-05,88.008,518.43
2024-04-08,87.133,518.72
2024-04-09,85.354,519.32
2024-04-10,87.039,514.12
2024-04-11,90.616,518.0
2024-04-12,88.186,510.85
2024-04-15,86.001,504.45
2024-04-16,87.415,503.53
2024-04-17,84.035,500.55
2024-04-18,84.671,499.52
2024-04-19,76.2,495.16
2024-04-22,79.518,499.72
2024-04-23,82.423,505.65
2024-04-24,79.677,505.41
2024-04-25,82.632,503.49
2024-04-26,87.735,508.26
2024-04-29,87.757,510.06
2024-04-30,86.402,501.98
2024-05-01,83.041,500.35
2024-05-02,85.817,505.03
2024-05-03,88.789,511.29
2024-05-06,92.14,516.57
2024-05-07,90.554,517.14
2024-05-08,90.412,517.19
2024-05-09,88.747,520.17
2024-05-10,89.878,520.84
2024-05-13,90.399,520.91
2024-05-14,91.356,523.3
2024-05-15,94.63,529.78
2024-05-16,94.359,528.69
2024-05-17,92.479,529.45
2024-05-20,94.78,530.06
2024-05-21,95.386,531.36
2024-05-22,94.95,529.83
2024-05-23,103.799,525.96
2024-05-24,106.469,529.44
2024-05-28,113.901,529.81
2024-05-29,114.825,526.1
2024-05-30,110.5,522.61
2024-05-31,109.633,527.37
2024-06-03,115.0,527.8
2024-06-04,116.437,528.39
2024-06-05,122.44,534.67
2024-06-06,120.998,534.66
2024-06-07,120.888,534.01
2024-06-10,121.79,535.66
2024-06-11,120.91,536.95
2024-06-12,125.2,541.36
2024-06-13,129.61,542.45
2024-06-14,131.88,542.78
2024-06-17,130.98,547.1
2024-06-18,135.58,548.49
2024-06-20,130.78,547.0
2024-06-21,126.57,544.51
2024-06-24,118.11,542.74
2024-06-25,126.09,544.83
2024-06-26,126.4,545.51
2024-06-27,123.99,546.37
2024-06-28,123.54,544.22
2024-07-01,124.3,545.34
2024-07-02,122.67,549.01
2024-07-03,128.28,551.46
2024-07-05,125.83,554.64
2024-07-08,128.2,555.28
2024-07-09,131.38,555.82
2024-07-10,134.91,561.32
2024-07-11,127.4,556.48
2024-07-12,129.24,559.99
2024-07-15,128.44,561.53
2024-07-16,126.36,564.86
2024-07-17,117.99,556.94
2024-07-18,121.09,552.66
2024-07-19,117.93,548.99
2024-07-22,123.54,554.65
2024-07-23,122.59,553.78
2024-07-24,114.25,541.23
2024-07-25,112.28,538.41
2024-07-26,113.06,544.44
2024-07-29,111.59,544.76
2024-07-30,103.73,542.0
2024-07-31,117.02,550.81
2024-08-01,109.21,543.01
2024-08-02,107.27,532.9
2024-08-05,100.45,517.38
2024-08-06,104.25,522.15
2024-08-07,98.91,518.66
2024-08-08,104.97,530.65
2024-08-09,104.75,532.99
2024-08-12,109.02,533.27
2024-08-13,116.14,542.04
2024-08-14,118.08,543.75
2024-08-15,122.86,553.07
2024-08-16,124.58,554.31
2024-08-19,130.0,559.61
2024-08-20,127.25,558.7
2024-08-21,128.5,560.62
2024-08-22,123.74,556.22
2024-08-23,129.37,562.13
2024-08-26,126.46,560.79
2024-08-27,128.3,561.56
2024-08-28,125.61,558.3
2024-08-29,117.59,558.35
2024-08-30,119.37,563.68
2024-09-03,108.0,552.08
2024-09-04,106.21,550.95
2024-09-05,107.21,549.61
2024-09-06,102.83,540.36
2024-09-09,106.47,546.41
2024-09-10,108.1,548.79
2024-09-11,116.91,554.42
2024-09-12,119.14,559.09
2024-09-13,119.1,562.01
2024-09-16,116.78,562.84
2024-09-17,115.59,563.07
2024-09-18,113.37,561.4
2024-09-19,117.87,570.98
2024-09-20,116.0,568.25
2024-09-23,116.26,569.67
2024-09-24,120.87,571.3
2024-09-25,123.51,570.04
2024-09-26,124.04,572.3
2024-09-27,121.4,571.47
2024-09-30,121.44,573.76
2024-10-01,117.0,568.62
2024-10-02,118.85,568.86
2024-10-03,122.85,567.82
2024-10-04,124.92,572.98
2024-10-07,127.72,567.8
2024-10-08,132.89,573.17
2024-10-09,132.65,577.14
2024-10-10,134.81,576.13
2024-10-11,134.8,579.58
2024-10-14,138.07,584.32
2024-10-15,131.6,579.78
2024-10-16,135.72,582.3
2024-10-17,136.93,582.35
2024-10-18,138.0,584.59
2024-10-21,143.71,583.63
2024-10-22,143.59,583.32
2024-10-23,139.56,577.99
2024-10-24,140.41,579.24
2024-10-25,141.54,579.04
2024-10-28,140.52,580.83
2024-10-29,141.25,581.77
2024-10-30,139.335,580.01
2024-10-31,132.76,568.64
2024-11-01,135.4,571.04
2024-11-04,136.05,569.81
2024-11-05,139.91,576.7
2024-11-06,145.61,591.04
2024-11-07,148.88,595.61
2024-11-08,147.63,598.19
2024-11-11,145.26,598.76
2024-11-12,148.29,596.9
2024-11-13,146.27,597.19
2024-11-14,146.76,593.35
2024-11-15,141.98,585.75
2024-11-18,140.15,588.15
2024-11-19,147.01,590.3
2024-11-20,145.89,590.5
2024-11-21,146.67,593.67
2024-11-22,141.95,595.51
2024-11-25,136.02,597.53
2024-11-26,136.92,600.65
2024-11-27,135.34,598.83
2024-11-29,138.25,602.55
2024-12-02,138.63,603.63
2024-12-03,140.26,603.91
2024-12-04,145.14,607.66
2024-12-05,145.06,606.66
2024-12-06,142.44,607.81
2024-12-09,138.81,604.68
2024-12-10,135.07,602.8
2024-12-11,139.31,607.46
2024-12-12,137.34,604.33
2024-12-13,134.25,604.21
2024-12-16,132.0,606.79
2024-12-17,130.39,604.29
2024-12-18,128.91,586.28
2024-12-19,130.68,586.1
2024-12-20,134.7,591.15
2024-12-23,139.67,594.69
2024-12-24,140.22,601.3
2024-12-26,139.93,601.34
2024-12-27,137.01,595.01
2024-12-30,137.49,588.22
2024-12-31,134.29,586.08
2025-01-02,138.31,584.64
2025-01-03,144.47,591.95
2025-01-06,149.43,595.36
2025-01-07,140.14,588.63
2025-01-08,140.11,589.49
2025-01-10,135.91,580.49
2025-01-13,133.23,581.39
2025-01-14,131.76,582.19
2025-01-15,136.24,592.78
2025-01-16,133.57,591.64
2025-01-17,137.71,597.58
2025-01-21,140.83,603.05
2025-01-22,147.07,606.44
2025-01-23,147.22,609.75
2025-01-24,142.62,607.97
2025-01-27,118.42,599.37
2025-01-28,128.99,604.52
2025-01-29,123.7,601.81
2025-01-30,124.65,605.04
2025-01-31,120.07,601.82
2025-02-03,116.66,597.77
2025-02-04,118.65,601.78
2025-02-05,124.83,604.22
2025-02-06,128.68,606.32
2025-02-07,129.84,600.77
2025-02-10,133.57,604.85
2025-02-11,132.8,605.31
2025-02-12,131.14,603.36
2025-02-13,135.29,609.73
2025-02-14,138.85,609.7
2025-02-18,139.4,611.49
2025-02-19,139.23,612.93
2025-02-20,140.11,610.38
2025-02-21,134.43,599.94
2025-02-24,130.28,597.21
2025-02-25,126.63,594.24
2025-02-26,131.28,594.54
2025-02-27,120.15,585.05
2025-02-28,124.92,594.18
2025-03-03,114.06,583.77
2025-03-04,115.99,576.86
2025-03-05,117.3,583.06
2025-03-06,110.57,572.71
2025-03-07,112.69,575.92
2025-03-10,106.98,560.58
2025-03-11,108.76,555.92
2025-03-12,115.74,558.87
2025-03-13,115.58,551.42
2025-03-14,121.67,562.81
2025-03-17,119.53,567.15
2025-03-18,115.43,561.02
2025-03-19,117.52,567.13
2025-03-20,118.53,565.49
2025-03-21,117.7,563.98
2025-03-24,121.41,574.08
2025-03-25,120.69,575.46
2025-03-26,113.76,568.59
2025-03-27,111.43,567.08
2025-03-28,109.67,555.66
2025-03-31,108.38,559.39
2025-04-01,110.15,560.97
